Duration hours,Duration days,1 year rainfall (mm),2 year rainfall (mm),3 year rainfall (mm),4 year rainfall (mm),5 year rainfall (mm),6 year rainfall (mm),7 year rainfall (mm),8 year rainfall (mm),9 year rainfall (mm),10 year rainfall (mm),11 year rainfall (mm),12 year rainfall (mm),13 year rainfall (mm),14 year rainfall (mm),15 year rainfall (mm),16 year rainfall (mm),17 year rainfall (mm),18 year rainfall (mm),19 year rainfall (mm),20 year rainfall (mm),30 year rainfall (mm),50 year rainfall (mm),75 year rainfall (mm),100 year rainfall (mm),150 year rainfall (mm),200 year rainfall (mm),500 year rainfall (mm),1000 year rainfall (mm),10000 year rainfall (mm)
0.25,0.010416667,5.23,7.48,8.89,9.92,10.73,11.37,11.92,12.39,12.81,13.19,13.37,13.71,14.03,14.32,14.59,14.84,15.08,15.3,15.51,15.8,17.31,19.29,20.89,22.05,23.71,24.92,28.94,32.33,47.48
0.5,0.020833333,6.84,9.76,11.61,12.97,14.05,14.93,15.67,16.32,16.9,17.42,17.66,18.12,18.54,18.93,19.29,19.63,19.96,20.26,20.55,20.96,23.09,25.76,27.96,29.58,31.94,33.66,39.43,44.26,66.28
0.75,0.03125,7.84,11.23,13.38,14.95,16.18,17.19,18.05,18.79,19.46,20.06,20.34,20.88,21.38,21.84,22.27,22.67,23.06,23.42,23.76,24.24,26.76,29.9,32.5,34.42,37.22,39.24,46.05,51.86,78.32
1,0.041666667,8.64,12.34,14.67,16.38,17.73,18.85,19.8,20.64,21.38,22.05,22.36,22.95,23.49,23.99,24.46,24.91,25.32,25.72,26.09,26.62,29.4,32.97,35.9,38.03,41.09,43.34,50.99,57.46,87.06
1.25,0.052083333,9.67,13.58,16.02,17.81,19.23,20.4,21.39,22.26,23.04,23.73,24.05,24.66,25.22,25.75,26.23,26.69,27.12,27.53,27.92,28.46,31.35,35.05,38.09,40.3,43.47,45.8,53.79,60.6,91.95
1.5,0.0625,10.74,14.79,17.3,19.14,20.59,21.79,22.81,23.69,24.48,25.19,25.52,26.14,26.71,27.25,27.74,28.21,28.65,29.06,29.46,30.02,32.96,36.73,39.82,42.08,45.32,47.71,55.94,62.99,95.65
1.75,0.072916667,11.79,15.93,18.49,20.36,21.84,23.05,24.08,24.98,25.77,26.49,26.82,27.45,28.03,28.56,29.07,29.54,29.98,30.4,30.8,31.37,34.35,38.15,41.29,43.58,46.88,49.3,57.72,64.99,98.69
2,0.083333333,12.8,17,19.6,21.49,22.98,24.2,25.23,26.14,26.94,27.66,27.99,28.62,29.21,29.75,30.26,30.73,31.18,31.6,32,32.57,35.58,39.4,42.57,44.9,48.23,50.69,59.28,66.73,101.33
2.25,0.09375,13.6,17.89,20.53,22.45,23.97,25.21,26.26,27.17,27.99,28.72,29.06,29.7,30.29,30.84,31.35,31.83,32.29,32.72,33.12,33.7,36.74,40.62,43.84,46.19,49.59,52.1,60.9,68.56,104.02
2.5,0.104166667,14.34,18.71,21.39,23.34,24.88,26.14,27.2,28.13,28.96,29.7,30.04,30.69,31.29,31.85,32.37,32.85,33.31,33.74,34.16,34.74,37.81,41.75,45.01,47.39,50.85,53.41,62.4,70.27,106.5
2.75,0.114583333,15.03,19.47,22.19,24.17,25.72,27,28.08,29.02,29.85,30.61,30.95,31.61,32.22,32.78,33.31,33.8,34.26,34.7,35.12,35.7,38.8,42.8,46.09,48.51,52.03,54.64,63.81,71.88,108.81
3,0.125,15.67,20.18,22.94,24.94,26.51,27.8,28.9,29.85,30.69,31.45,31.8,32.47,33.08,33.65,34.19,34.68,35.15,35.59,36.01,36.61,39.73,43.78,47.11,49.56,53.13,55.79,65.15,73.41,110.97
3.25,0.135416667,16.28,20.85,23.64,25.66,27.25,28.56,29.66,30.63,31.48,32.25,32.6,33.28,33.9,34.47,35.01,35.51,35.99,36.44,36.86,37.46,40.6,44.7,48.08,50.55,54.17,56.88,66.42,74.86,113.01
3.5,0.145833333,16.85,21.48,24.3,26.35,27.95,29.27,30.39,31.36,32.22,33,33.36,34.04,34.67,35.25,35.79,36.3,36.78,37.23,37.66,38.26,41.43,45.58,48.99,51.49,55.17,57.91,67.63,76.25,114.94
3.75,0.15625,17.39,22.08,24.93,27,28.62,29.95,31.07,32.06,32.93,33.72,34.08,34.77,35.4,35.99,36.53,37.05,37.53,37.98,38.41,39.02,42.22,46.42,49.86,52.39,56.12,58.91,68.79,77.58,116.78
4,0.166666667,17.91,22.66,25.53,27.61,29.25,30.59,31.73,32.72,33.6,34.4,34.76,35.45,36.09,36.68,37.24,37.75,38.24,38.7,39.13,39.74,42.97,47.21,50.69,53.25,57.02,59.85,69.9,78.86,118.53
4.25,0.177083333,18.4,23.2,26.1,28.2,29.84,31.2,32.35,33.35,34.24,35.04,35.41,36.11,36.75,37.35,37.91,38.43,38.92,39.38,39.82,40.44,43.69,47.97,51.49,54.07,57.9,60.77,70.97,80.1,120.21
4.5,0.1875,18.87,23.72,26.64,28.76,30.42,31.78,32.94,33.95,34.85,35.66,36.03,36.73,37.38,37.99,38.55,39.07,39.57,40.04,40.48,41.1,44.38,48.7,52.26,54.87,58.74,61.65,72.01,81.3,121.82
4.75,0.197916667,19.32,24.22,27.16,29.29,30.96,32.34,33.51,34.53,35.43,36.25,36.62,37.33,37.99,38.6,39.16,39.69,40.19,40.66,41.11,41.73,45.04,49.4,53,55.64,59.56,62.5,73.01,82.47,123.38
5,0.208333333,19.75,24.7,27.66,29.81,31.49,32.87,34.05,35.08,35.99,36.81,37.19,37.91,38.57,39.18,39.75,40.29,40.79,41.26,41.71,42.34,45.68,50.08,53.71,56.38,60.35,63.32,73.99,83.6,124.88
5.25,0.21875,20.17,25.15,28.15,30.3,31.99,33.39,34.58,35.61,36.53,37.36,37.74,38.46,39.13,39.75,40.32,40.86,41.37,41.84,42.3,42.93,46.29,50.73,54.4,57.1,61.11,64.12,74.94,84.7,126.33
5.5,0.229166667,20.57,25.6,28.61,30.78,32.48,33.89,35.08,36.13,37.05,37.89,38.27,39,39.67,40.29,40.87,41.41,41.92,42.4,42.86,43.5,46.89,51.36,55.07,57.8,61.85,64.9,75.86,85.77,127.73
5.75,0.239583333,20.95,26.03,29.06,31.24,32.95,34.37,35.57,36.62,37.56,38.4,38.78,39.51,40.19,40.82,41.4,41.95,42.46,42.95,43.4,44.05,47.47,51.98,55.71,58.48,62.57,65.66,76.76,86.81,129.09
6,0.25,21.33,26.44,29.49,31.69,33.41,34.83,36.04,37.1,38.04,38.89,39.28,40.01,40.69,41.32,41.91,42.46,42.98,43.47,43.93,44.58,48.03,52.57,56.34,59.13,63.27,66.39,77.64,87.83,130.42
6.25,0.260416667,21.69,26.84,29.91,32.12,33.85,35.28,36.5,37.57,38.52,39.37,39.76,40.5,41.18,41.82,42.41,42.96,43.48,43.98,44.44,45.1,48.57,53.15,56.95,59.77,63.96,67.11,78.51,88.84,131.71
6.5,0.270833333,22.04,27.23,30.32,32.54,34.28,35.72,36.95,38.02,38.97,39.83,40.22,40.97,41.66,42.3,42.89,43.45,43.97,44.47,44.94,45.6,49.1,53.71,57.55,60.39,64.62,67.81,79.37,89.83,132.97
6.75,0.28125,22.38,27.6,30.71,32.94,34.7,36.14,37.38,38.46,39.42,40.28,40.68,41.43,42.12,42.76,43.36,43.92,44.45,44.95,45.42,46.09,49.61,54.26,58.13,60.99,65.27,68.5,80.2,90.79,134.2
7,0.291666667,22.72,27.97,31.09,33.34,35.1,36.56,37.8,38.89,39.85,40.72,41.12,41.87,42.57,43.21,43.82,44.38,44.91,45.41,45.89,46.56,50.11,54.79,58.69,61.58,65.9,69.17,81.02,91.74,135.4
7.25,0.302083333,23.04,28.32,31.47,33.72,35.49,36.96,38.21,39.3,40.27,41.15,41.54,42.3,43,43.65,44.26,44.83,45.36,45.87,46.34,47.02,50.6,55.31,59.24,62.16,66.53,69.83,81.83,92.67,136.57
7.5,0.3125,23.35,28.67,31.83,34.1,35.88,37.35,38.61,39.71,40.68,41.56,41.96,42.73,43.43,44.08,44.69,45.26,45.8,46.31,46.79,47.47,51.07,55.82,59.78,62.73,67.14,70.48,82.62,93.58,137.71
7.75,0.322916667,23.66,29,32.18,34.46,36.25,37.73,38.99,40.1,41.08,41.96,42.37,43.14,43.84,44.5,45.11,45.69,46.23,46.74,47.22,47.91,51.54,56.32,60.31,63.28,67.73,71.11,83.4,94.48,138.84
8,0.333333333,23.95,29.33,32.52,34.81,36.61,38.1,39.37,40.48,41.47,42.36,42.76,43.54,44.25,44.91,45.52,46.1,46.64,47.16,47.65,48.34,51.99,56.8,60.83,63.82,68.32,71.74,84.17,95.36,139.93
8.25,0.34375,24.24,29.65,32.86,35.16,36.97,38.46,39.74,40.86,41.85,42.74,43.15,43.93,44.64,45.31,45.93,46.51,47.05,47.57,48.06,48.76,52.44,57.28,61.33,64.35,68.9,72.35,84.92,96.23,141.01
8.5,0.354166667,24.52,29.96,33.18,35.5,37.31,38.81,40.1,41.22,42.22,43.12,43.53,44.31,45.03,45.69,46.32,46.9,47.45,47.97,48.47,49.16,52.87,57.75,61.83,64.88,69.46,72.95,85.66,97.08,142.06
8.75,0.364583333,24.8,30.26,33.5,35.83,37.65,39.16,40.45,41.58,42.59,43.49,43.9,44.68,45.4,46.08,46.7,47.29,47.84,48.36,48.86,49.56,53.29,58.2,62.32,65.39,70.02,73.55,86.4,97.92,143.1
9,0.375,25.07,30.56,33.81,36.15,37.98,39.5,40.8,41.93,42.94,43.85,44.26,45.05,45.77,46.45,47.08,47.67,48.22,48.75,49.25,49.96,53.71,58.65,62.8,65.9,70.57,74.13,87.12,98.75,144.11
9.25,0.385416667,25.33,30.85,34.12,36.46,38.3,39.83,41.13,42.27,43.29,44.2,44.61,45.4,46.13,46.81,47.44,48.04,48.6,49.13,49.63,50.34,54.12,59.09,63.27,66.39,71.11,74.71,87.83,99.56,145.11
9.5,0.395833333,25.59,31.13,34.41,36.77,38.62,40.15,41.46,42.61,43.63,44.54,44.96,45.75,46.49,47.17,47.8,48.4,48.96,49.49,50,50.72,54.52,59.53,63.73,66.88,71.64,75.27,88.53,100.36,146.09
9.75,0.40625,25.84,31.41,34.71,37.07,38.93,40.47,41.79,42.94,43.96,44.88,45.3,46.1,46.83,47.52,48.16,48.76,49.32,49.86,50.37,51.09,54.91,59.95,64.19,67.36,72.17,75.84,89.23,101.16,147.06
10,0.416666667,26.09,31.68,34.99,37.37,39.23,40.78,42.1,43.26,44.29,45.21,45.63,46.43,47.17,47.86,48.5,49.11,49.67,50.21,50.72,51.45,55.3,60.37,64.63,67.83,72.68,76.39,89.91,101.94,148.01
10.25,0.427083333,26.33,31.94,35.27,37.66,39.53,41.08,42.41,43.57,44.61,45.53,45.96,46.76,47.51,48.2,48.84,49.45,50.02,50.56,51.08,51.8,55.68,60.78,65.08,68.3,73.19,76.93,90.59,102.71,148.94
10.5,0.4375,26.56,32.2,35.54,37.94,39.82,41.38,42.72,43.88,44.92,45.85,46.28,47.09,47.83,48.53,49.18,49.79,50.36,50.9,51.42,52.15,56.05,61.19,65.51,68.76,73.7,77.47,91.26,103.47,149.86
10.75,0.447916667,26.79,32.46,35.81,38.22,40.11,41.67,43.01,44.19,45.23,46.16,46.59,47.4,48.16,48.85,49.51,50.12,50.69,51.24,51.76,52.5,56.41,61.59,65.94,69.22,74.2,78.01,91.92,104.22,150.76
11,0.458333333,27.02,32.71,36.07,38.49,40.39,41.96,43.31,44.48,45.53,46.47,46.9,47.72,48.47,49.17,49.83,50.44,51.02,51.57,52.09,52.83,56.77,61.98,66.36,69.66,74.69,78.53,92.57,104.96,151.66
11.25,0.46875,27.24,32.95,36.33,38.76,40.66,42.24,43.59,44.78,45.83,46.77,47.2,48.02,48.78,49.49,50.14,50.76,51.34,51.9,52.42,53.17,57.13,62.36,66.78,70.11,75.17,79.05,93.22,105.7,152.53
11.5,0.479166667,27.46,33.19,36.59,39.02,40.93,42.52,43.88,45.06,46.12,47.07,47.5,48.32,49.09,49.79,50.46,51.08,51.66,52.22,52.74,53.49,57.48,62.74,67.19,70.54,75.65,79.57,93.86,106.42,153.4
11.75,0.489583333,27.68,33.43,36.84,39.28,41.2,42.79,44.15,45.35,46.4,47.36,47.79,48.62,49.39,50.1,50.76,51.39,51.97,52.53,53.06,53.81,57.82,63.12,67.6,70.98,76.13,80.08,94.49,107.14,154.26
12,0.5,27.89,33.66,37.08,39.53,41.46,43.06,44.43,45.62,46.69,47.64,48.08,48.91,49.68,50.4,51.06,51.69,52.28,52.84,53.37,54.13,58.16,63.49,68,71.4,76.6,80.58,95.12,107.85,155.1
12.25,0.510416667,28.09,33.89,37.32,39.78,41.72,43.32,44.69,45.89,46.96,47.92,48.36,49.2,49.97,50.69,51.36,51.99,52.58,53.15,53.68,54.44,58.49,63.85,68.4,71.83,77.07,81.09,95.74,108.55,155.94
12.5,0.520833333,28.29,34.11,37.56,40.03,41.97,43.58,44.96,46.16,47.23,48.2,48.64,49.48,50.25,50.98,51.65,52.28,52.88,53.45,53.98,54.75,58.81,64.21,68.79,72.25,77.53,81.59,96.36,109.25,156.76
12.75,0.53125,28.49,34.33,37.79,40.27,42.22,43.83,45.21,46.42,47.5,48.47,48.91,49.75,50.53,51.26,51.94,52.57,53.17,53.74,54.28,55.05,59.14,64.57,69.18,72.66,77.99,82.08,96.97,109.93,157.58
13,0.541666667,28.69,34.54,38.02,40.51,42.46,44.08,45.47,46.68,47.76,48.73,49.18,50.03,50.81,51.54,52.22,52.86,53.46,54.03,54.58,55.35,59.45,64.92,69.56,73.07,78.45,82.57,97.57,110.61,158.38
13.25,0.552083333,28.88,34.75,38.24,40.74,42.7,44.33,45.72,46.94,48.02,48.99,49.44,50.29,51.08,51.81,52.5,53.14,53.75,54.32,54.87,55.64,59.76,65.26,69.94,73.48,78.9,83.06,98.17,111.29,159.18
13.5,0.5625,29.07,34.96,38.46,40.97,42.94,44.57,45.96,47.19,48.27,49.25,49.7,50.56,51.35,52.09,52.77,53.42,54.03,54.61,55.15,55.93,60.07,65.61,70.32,73.88,79.35,83.54,98.77,111.95,159.96
13.75,0.572916667,29.25,35.17,38.68,41.2,43.17,44.81,46.21,47.43,48.52,49.51,49.96,50.82,51.61,52.35,53.04,53.69,54.31,54.88,55.44,56.22,60.38,65.94,70.69,74.28,79.79,84.01,99.35,112.61,160.73
14,0.583333333,29.44,35.37,38.89,41.42,43.4,45.04,46.45,47.68,48.77,49.76,50.21,51.08,51.87,52.62,53.31,53.96,54.58,55.16,55.71,56.5,60.68,66.28,71.06,74.68,80.23,84.49,99.93,113.26,161.5
14.25,0.59375,29.62,35.57,39.1,41.64,43.63,45.27,46.68,47.92,49.01,50.01,50.46,51.33,52.13,52.88,53.58,54.23,54.85,55.43,55.99,56.78,60.98,66.61,71.42,75.07,80.66,84.96,100.51,113.9,162.26
14.5,0.604166667,29.79,35.76,39.31,41.85,43.85,45.5,46.92,48.15,49.26,50.25,50.71,51.58,52.39,53.13,53.84,54.49,55.11,55.7,56.26,57.05,61.27,66.94,71.78,75.46,81.09,85.42,101.08,114.54,163
14.75,0.614583333,29.97,35.95,39.52,42.07,44.07,45.73,47.15,48.39,49.49,50.49,50.95,51.83,52.64,53.39,54.09,54.75,55.38,55.97,56.53,57.32,61.56,67.26,72.14,75.84,81.52,85.88,101.65,115.17,163.74
15,0.625,30.14,36.14,39.72,42.28,44.29,45.95,47.37,48.62,49.73,50.73,51.19,52.07,52.88,53.64,54.35,55.01,55.64,56.23,56.79,57.59,61.85,67.58,72.49,76.22,81.94,86.34,102.21,115.8,164.47
15.25,0.635416667,30.31,36.33,39.92,42.49,44.5,46.17,47.6,48.85,49.96,50.96,51.43,52.31,53.13,53.89,54.6,55.26,55.89,56.49,57.05,57.85,62.13,67.9,72.84,76.6,82.36,86.79,102.77,116.41,165.19
15.5,0.645833333,30.47,36.51,40.11,42.69,44.71,46.38,47.82,49.07,50.19,51.2,51.66,52.55,53.37,54.13,54.84,55.51,56.15,56.75,57.31,58.12,62.41,68.21,73.19,76.97,82.78,87.24,103.32,117.03,165.91
15.75,0.65625,30.64,36.69,40.31,42.89,44.92,46.6,48.03,49.29,50.41,51.43,51.89,52.78,53.61,54.37,55.09,55.76,56.4,57,57.57,58.38,62.69,68.52,73.53,77.34,83.19,87.68,103.86,117.63,166.61
16,0.666666667,30.8,36.87,40.5,43.09,45.13,46.81,48.25,49.51,50.64,51.65,52.12,53.02,53.84,54.61,55.33,56.01,56.64,57.25,57.82,58.63,62.96,68.83,73.87,77.71,83.6,88.13,104.41,118.23,167.31
16.25,0.677083333,30.96,37.05,40.68,43.29,45.33,47.02,48.46,49.73,50.86,51.88,52.35,53.24,54.07,54.85,55.57,56.25,56.89,57.5,58.07,58.88,63.23,69.13,74.21,78.08,84.01,88.57,104.95,118.83,168
16.5,0.6875,31.12,37.22,40.87,43.48,45.53,47.22,48.67,49.94,51.07,52.1,52.57,53.47,54.3,55.08,55.81,56.49,57.13,57.74,58.32,59.13,63.5,69.44,74.55,78.44,84.42,89,105.48,119.42,168.69
16.75,0.697916667,31.27,37.4,41.05,43.67,45.73,47.43,48.88,50.15,51.29,52.32,52.79,53.7,54.53,55.31,56.04,56.72,57.37,57.98,58.56,59.38,63.77,69.74,74.88,78.8,84.82,89.44,106.01,120,169.36
17,0.708333333,31.42,37.57,41.23,43.86,45.92,47.63,49.08,50.36,51.5,52.53,53.01,53.92,54.76,55.54,56.27,56.96,57.61,58.22,58.8,59.63,64.03,70.03,75.21,79.16,85.21,89.87,106.54,120.58,170.03
17.25,0.71875,31.58,37.73,41.41,44.05,46.11,47.82,49.29,50.57,51.71,52.75,53.22,54.14,54.98,55.76,56.5,57.19,57.84,58.46,59.04,59.87,64.3,70.33,75.54,79.51,85.61,90.29,107.06,121.16,170.69
17.5,0.729166667,31.72,37.9,41.59,44.23,46.31,48.02,49.49,50.77,51.92,52.96,53.44,54.35,55.2,55.99,56.72,57.42,58.07,58.69,59.28,60.11,64.55,70.62,75.86,79.86,86,90.72,107.57,121.72,171.35
17.75,0.739583333,31.87,38.06,41.76,44.41,46.49,48.21,49.69,50.97,52.13,53.17,53.65,54.57,55.42,56.21,56.95,57.64,58.3,58.92,59.51,60.35,64.81,70.91,76.18,80.21,86.39,91.14,108.09,122.29,172
18,0.75,32.02,38.22,41.93,44.59,46.68,48.41,49.88,51.17,52.33,53.38,53.86,54.78,55.63,56.43,57.17,57.87,58.53,59.15,59.74,60.58,65.07,71.2,76.5,80.56,86.78,91.55,108.6,122.85,172.64
18.25,0.760416667,32.16,38.38,42.1,44.77,46.86,48.59,50.07,51.37,52.53,53.58,54.06,54.99,55.85,56.64,57.39,58.09,58.75,59.38,59.97,60.81,65.32,71.48,76.82,80.9,87.17,91.97,109.1,123.4,173.27
18.5,0.770833333,32.3,38.53,42.26,44.94,47.04,48.78,50.27,51.57,52.73,53.78,54.27,55.2,56.06,56.86,57.6,58.31,58.97,59.6,60.2,61.04,65.57,71.77,77.14,81.24,87.55,92.38,109.61,123.94,173.9
18.75,0.78125,32.43,38.69,42.43,45.11,47.22,48.96,50.46,51.76,52.93,53.99,54.47,55.4,56.27,57.07,57.82,58.52,59.19,59.82,60.42,61.27,65.82,72.05,77.45,81.58,87.93,92.79,110.1,124.48,174.52
19,0.791666667,32.57,38.84,42.59,45.28,47.4,49.15,50.64,51.95,53.12,54.18,54.67,55.61,56.47,57.28,58.03,58.74,59.41,60.04,60.64,61.49,66.07,72.33,77.76,81.92,88.31,93.2,110.6,125.02,175.13
19.25,0.802083333,32.7,38.99,42.75,45.45,47.57,49.33,50.83,52.14,53.32,54.38,54.87,55.81,56.68,57.48,58.24,58.95,59.62,60.26,60.86,61.72,66.31,72.61,78.07,82.26,88.68,93.61,111.09,125.55,175.74
19.5,0.8125,32.84,39.14,42.9,45.61,47.75,49.51,51.01,52.33,53.51,54.58,55.07,56.01,56.88,57.69,58.45,59.16,59.84,60.48,61.08,61.94,66.55,72.88,78.38,82.59,89.06,94.01,111.58,126.07,176.34
19.75,0.822916667,32.97,39.28,43.06,45.78,47.92,49.68,51.19,52.52,53.7,54.77,55.26,56.21,57.08,57.89,58.65,59.37,60.05,60.69,61.3,62.16,66.8,73.16,78.69,82.92,89.43,94.41,112.06,126.59,176.94
20,0.833333333,33.1,39.43,43.21,45.94,48.09,49.86,51.37,52.7,53.89,54.96,55.46,56.4,57.28,58.1,58.86,59.58,60.26,60.9,61.51,62.38,67.03,73.43,78.99,83.25,89.79,94.8,112.54,127.11,177.53
20.25,0.84375,33.23,39.57,43.37,46.1,48.25,50.03,51.55,52.89,54.08,55.15,55.65,56.6,57.48,58.3,59.06,59.78,60.46,61.11,61.72,62.59,67.27,73.7,79.29,83.57,90.16,95.2,113.01,127.62,178.12
20.5,0.854166667,33.35,39.72,43.52,46.26,48.42,50.2,51.73,53.07,54.26,55.34,55.84,56.79,57.67,58.49,59.26,59.99,60.67,61.32,61.93,62.81,67.51,73.97,79.59,83.9,90.52,95.59,113.48,128.13,178.69
20.75,0.864583333,33.48,39.86,43.67,46.42,48.58,50.37,51.9,53.25,54.45,55.53,56.03,56.98,57.87,58.69,59.46,60.19,60.87,61.52,62.14,63.02,67.74,74.23,79.89,84.22,90.88,95.98,113.95,128.63,179.27
21,0.875,33.6,40,43.82,46.58,48.75,50.54,52.08,53.43,54.63,55.72,56.22,57.17,58.06,58.89,59.66,60.39,61.08,61.73,62.35,63.23,67.97,74.5,80.18,84.54,91.24,96.36,114.41,129.13,179.84
21.25,0.885416667,33.73,40.13,43.96,46.73,48.91,50.71,52.25,53.6,54.81,55.9,56.4,57.36,58.25,59.08,59.86,60.59,61.28,61.93,62.55,63.44,68.2,74.76,80.48,84.86,91.59,96.74,114.87,129.62,180.4
21.5,0.895833333,33.85,40.27,44.11,46.88,49.07,50.88,52.42,53.78,54.99,56.08,56.58,57.55,58.44,59.27,60.05,60.78,61.48,62.13,62.76,63.65,68.43,75.02,80.77,85.18,91.95,97.12,115.33,130.11,180.96
21.75,0.90625,33.97,40.41,44.25,47.04,49.23,51.04,52.59,53.95,55.16,56.26,56.77,57.73,58.63,59.46,60.24,60.98,61.67,62.33,62.96,63.85,68.66,75.28,81.06,85.49,92.3,97.5,115.78,130.59,181.51
22,0.916666667,34.09,40.54,44.4,47.19,49.38,51.2,52.76,54.12,55.34,56.44,56.95,57.92,58.81,59.65,60.43,61.17,61.87,62.53,63.16,64.06,68.89,75.54,81.35,85.8,92.65,97.88,116.23,131.08,182.06
22.25,0.927083333,34.2,40.67,44.54,47.33,49.54,51.36,52.92,54.29,55.51,56.62,57.13,58.1,59,59.84,60.62,61.36,62.06,62.73,63.36,64.26,69.11,75.8,81.63,86.11,92.99,98.25,116.67,131.55,182.6
22.5,0.9375,34.32,40.8,44.68,47.48,49.69,51.52,53.09,54.46,55.69,56.8,57.31,58.28,59.18,60.02,60.81,61.55,62.26,62.92,63.56,64.46,69.33,76.05,81.92,86.42,93.34,98.62,117.11,132.03,183.14
22.75,0.947916667,34.44,40.93,44.82,47.63,49.85,51.68,53.25,54.63,55.86,56.97,57.48,58.46,59.36,60.21,61,61.74,62.45,63.12,63.75,64.66,69.55,76.3,82.2,86.73,93.68,98.99,117.55,132.5,183.68
23,0.958333333,34.55,41.06,44.95,47.77,50,51.84,53.42,54.8,56.03,57.14,57.66,58.64,59.54,60.39,61.18,61.93,62.64,63.31,63.95,64.86,69.77,76.56,82.48,87.03,94.02,99.36,117.99,132.96,184.21
23.25,0.96875,34.67,41.19,45.09,47.92,50.15,52,53.58,54.96,56.2,57.32,57.83,58.81,59.72,60.57,61.37,62.12,62.83,63.5,64.14,65.06,69.99,76.81,82.76,87.34,94.36,99.72,118.42,133.42,184.73
23.5,0.979166667,34.78,41.32,45.22,48.06,50.3,52.15,53.74,55.13,56.37,57.49,58,58.99,59.9,60.75,61.55,62.3,63.01,63.69,64.33,65.25,70.21,77.05,83.04,87.64,94.7,100.08,118.85,133.88,185.25
23.75,0.989583333,34.89,41.44,45.36,48.2,50.45,52.3,53.89,55.29,56.53,57.66,58.17,59.16,60.08,60.93,61.73,62.49,63.2,63.88,64.53,65.45,70.43,77.3,83.32,87.94,95.03,100.44,119.28,134.34,185.77
24,1,35,41.57,45.49,48.34,50.59,52.46,54.05,55.45,56.7,57.83,58.34,59.34,60.25,61.11,61.91,62.67,63.39,64.07,64.72,65.64,70.64,77.55,83.59,88.24,95.36,100.8,119.7,134.79,186.28
24.25,1.010416667,35.11,41.69,45.62,48.48,50.74,52.61,54.21,55.61,56.86,57.99,58.51,59.51,60.43,61.29,62.09,62.85,63.57,64.25,64.91,65.83,70.86,77.8,83.88,88.54,95.7,101.16,120.12,135.24,186.8
24.5,1.020833333,35.22,41.81,45.75,48.62,50.88,52.76,54.36,55.77,57.02,58.16,58.68,59.68,60.6,61.46,62.27,63.03,63.75,64.44,65.09,66.03,71.07,78.05,84.16,88.85,96.04,101.52,120.55,135.7,187.31
24.75,1.03125,35.32,41.93,45.88,48.76,51.02,52.9,54.51,55.92,57.18,58.32,58.84,59.85,60.77,61.64,62.45,63.21,63.94,64.63,65.28,66.22,71.29,78.29,84.43,89.15,96.38,101.88,120.96,136.14,187.82
25,1.041666667,35.43,42.05,46.01,48.89,51.17,53.05,54.66,56.08,57.34,58.48,59.01,60.01,60.94,61.81,62.63,63.39,64.12,64.81,65.47,66.41,71.5,78.54,84.71,89.45,96.71,102.24,121.38,136.59,188.33
25.25,1.052083333,35.54,42.17,46.14,49.03,51.31,53.2,54.81,56.23,57.5,58.65,59.17,60.18,61.11,61.98,62.8,63.57,64.3,64.99,65.66,66.6,71.71,78.78,84.99,89.75,97.05,102.59,121.79,137.03,188.83
25.5,1.0625,35.64,42.29,46.26,49.16,51.45,53.34,54.96,56.39,57.66,58.81,59.33,60.34,61.28,62.16,62.97,63.75,64.48,65.17,65.84,66.79,71.92,79.03,85.26,90.05,97.38,102.95,122.2,137.47,189.32
25.75,1.072916667,35.74,42.41,46.39,49.29,51.59,53.48,55.11,56.54,57.81,58.97,59.5,60.51,61.45,62.33,63.15,63.92,64.66,65.36,66.02,66.97,72.13,79.27,85.53,90.34,97.71,103.3,122.61,137.9,189.82
26,1.083333333,35.85,42.52,46.51,49.42,51.72,53.63,55.26,56.69,57.97,59.12,59.66,60.67,61.61,62.49,63.32,64.1,64.84,65.54,66.21,67.16,72.34,79.51,85.8,90.64,98.03,103.65,123.01,138.33,190.31
26.25,1.09375,35.95,42.64,46.64,49.55,51.86,53.77,55.4,56.84,58.12,59.28,59.81,60.83,61.78,62.66,63.49,64.27,65.01,65.71,66.39,67.34,72.54,79.75,86.07,90.93,98.36,103.99,123.41,138.76,190.79
26.5,1.104166667,36.05,42.75,46.76,49.68,52,53.91,55.55,56.99,58.28,59.44,59.97,61,61.94,62.83,63.66,64.44,65.19,65.89,66.57,67.53,72.75,79.99,86.34,91.22,98.68,104.34,123.81,139.19,191.27
26.75,1.114583333,36.15,42.86,46.88,49.81,52.13,54.05,55.69,57.14,58.43,59.59,60.13,61.16,62.11,63,63.83,64.62,65.36,66.07,66.75,67.71,72.95,80.22,86.61,91.51,99,104.68,124.2,139.61,191.75
27,1.125,36.25,42.98,47,49.94,52.26,54.19,55.84,57.29,58.58,59.75,60.29,61.32,62.27,63.16,64,64.79,65.53,66.24,66.92,67.89,73.16,80.46,86.88,91.8,99.32,105.02,124.59,140.03,192.22
27.25,1.135416667,36.35,43.09,47.13,50.07,52.4,54.33,55.98,57.43,58.73,59.9,60.44,61.47,62.43,63.32,64.16,64.96,65.71,66.42,67.1,68.07,73.36,80.69,87.14,92.09,99.64,105.36,124.98,140.44,192.69
27.5,1.145833333,36.45,43.2,47.24,50.2,52.53,54.46,56.12,57.58,58.88,60.05,60.6,61.63,62.59,63.49,64.33,65.12,65.88,66.59,67.28,68.25,73.56,80.93,87.4,92.37,99.95,105.69,125.37,140.85,193.16
27.75,1.15625,36.54,43.31,47.36,50.32,52.66,54.6,56.26,57.72,59.03,60.21,60.75,61.79,62.75,63.65,64.49,65.29,66.05,66.76,67.45,68.43,73.76,81.16,87.66,92.65,100.27,106.03,125.75,141.26,193.62
28,1.166666667,36.64,43.42,47.48,50.45,52.79,54.74,56.4,57.86,59.17,60.36,60.9,61.94,62.91,63.81,64.66,65.46,66.22,66.94,67.63,68.61,73.96,81.39,87.92,92.94,100.58,106.36,126.13,141.67,194.08
28.25,1.177083333,36.74,43.53,47.6,50.57,52.92,54.87,56.54,58.01,59.32,60.51,61.05,62.1,63.07,63.97,64.82,65.62,66.38,67.11,67.8,68.79,74.16,81.62,88.18,93.22,100.89,106.69,126.51,142.07,194.54
28.5,1.1875,36.83,43.64,47.72,50.69,53.05,55,56.68,58.15,59.46,60.65,61.2,62.25,63.22,64.13,64.98,65.79,66.55,67.28,67.97,68.96,74.36,81.85,88.44,93.5,101.2,107.01,126.88,142.47,194.99
28.75,1.197916667,36.93,43.75,47.83,50.82,53.18,55.14,56.81,58.29,59.61,60.8,61.35,62.4,63.38,64.29,65.15,65.95,66.72,67.45,68.14,69.14,74.55,82.07,88.69,93.77,101.5,107.34,127.25,142.87,195.44
29,1.208333333,37.02,43.85,47.95,50.94,53.3,55.27,56.95,58.43,59.75,60.95,61.5,62.55,63.53,64.45,65.31,66.12,66.88,67.61,68.31,69.31,74.75,82.3,88.95,94.05,101.81,107.66,127.62,143.26,195.89
29.25,1.21875,37.11,43.96,48.06,51.06,53.43,55.4,57.09,58.57,59.9,61.1,61.65,62.71,63.69,64.6,65.46,66.28,67.05,67.78,68.48,69.49,74.94,82.52,89.2,94.32,102.11,107.99,127.99,143.65,196.33
29.5,1.229166667,37.21,44.06,48.17,51.18,53.56,55.53,57.22,58.71,60.04,61.24,61.8,62.86,63.84,64.76,65.62,66.44,67.21,67.95,68.65,69.66,75.13,82.75,89.45,94.6,102.41,108.31,128.35,144.04,196.77
29.75,1.239583333,37.3,44.17,48.29,51.3,53.68,55.66,57.36,58.85,60.18,61.39,61.94,63,63.99,64.91,65.78,66.6,67.37,68.11,68.82,69.83,75.32,82.97,89.7,94.87,102.71,108.62,128.72,144.43,197.2
30,1.25,37.39,44.27,48.4,51.42,53.81,55.79,57.49,58.98,60.32,61.53,62.09,63.15,64.14,65.07,65.94,66.76,67.54,68.28,68.99,70,75.52,83.19,89.95,95.14,103.01,108.94,129.07,144.81,197.64
30.25,1.260416667,37.48,44.38,48.51,51.53,53.93,55.92,57.62,59.12,60.46,61.67,62.23,63.3,64.29,65.22,66.09,66.92,67.7,68.44,69.15,70.17,75.71,83.41,90.2,95.41,103.31,109.25,129.43,145.19,198.06
30.5,1.270833333,37.57,44.48,48.62,51.65,54.05,56.04,57.75,59.25,60.6,61.82,62.37,63.45,64.44,65.37,66.25,67.08,67.86,68.6,69.32,70.34,75.89,83.63,90.45,95.67,103.6,109.56,129.79,145.57,198.49
30.75,1.28125,37.66,44.58,48.73,51.77,54.17,56.17,57.88,59.39,60.74,61.96,62.52,63.59,64.59,65.53,66.4,67.23,68.02,68.77,69.48,70.51,76.08,83.85,90.69,95.94,103.89,109.87,130.14,145.94,198.91
31,1.291666667,37.75,44.68,48.84,51.89,54.3,56.3,58.01,59.52,60.87,62.1,62.66,63.74,64.74,65.68,66.56,67.39,68.18,68.93,69.65,70.67,76.27,84.07,90.94,96.2,104.19,110.18,130.49,146.31,199.33
31.25,1.302083333,37.84,44.78,48.95,52,54.42,56.42,58.14,59.66,61.01,62.24,62.8,63.88,64.89,65.83,66.71,67.54,68.33,69.09,69.81,70.84,76.46,84.28,91.18,96.47,104.47,110.49,130.83,146.68,199.75
31.5,1.3125,37.93,44.89,49.06,52.12,54.54,56.55,58.27,59.79,61.15,62.38,62.94,64.03,65.03,65.98,66.86,67.7,68.49,69.25,69.97,71,76.64,84.5,91.42,96.73,104.76,110.79,131.18,147.05,200.17
31.75,1.322916667,38.02,44.99,49.17,52.23,54.66,56.67,58.4,59.92,61.28,62.51,63.08,64.17,65.18,66.13,67.01,67.85,68.65,69.4,70.13,71.17,76.83,84.71,91.66,96.99,105.05,111.1,131.52,147.41,200.58
32,1.333333333,38.11,45.08,49.28,52.34,54.78,56.79,58.53,60.05,61.42,62.65,63.22,64.31,65.33,66.27,67.16,68.01,68.8,69.56,70.29,71.33,77.01,84.92,91.9,97.25,105.33,111.4,131.86,147.78,200.98
32.25,1.34375,38.19,45.18,49.38,52.46,54.89,56.92,58.65,60.18,61.55,62.79,63.36,64.45,65.47,66.42,67.31,68.16,68.96,69.72,70.45,71.5,77.19,85.13,92.14,97.51,105.62,111.7,132.2,148.14,201.39
32.5,1.354166667,38.28,45.28,49.49,52.57,55.01,57.04,58.78,60.31,61.68,62.93,63.5,64.59,65.61,66.57,67.46,68.31,69.11,69.88,70.61,71.66,77.37,85.35,92.38,97.76,105.9,112,132.53,148.49,201.79
32.75,1.364583333,38.37,45.38,49.59,52.68,55.13,57.16,58.91,60.44,61.82,63.06,63.64,64.73,65.76,66.71,67.61,68.46,69.27,70.03,70.77,71.82,77.56,85.56,92.62,98.02,106.18,112.29,132.87,148.85,202.19
33,1.375,38.45,45.48,49.7,52.79,55.24,57.28,59.03,60.57,61.95,63.2,63.77,64.87,65.9,66.86,67.76,68.61,69.42,70.19,70.93,71.98,77.74,85.76,92.85,98.27,106.46,112.59,133.2,149.2,202.59
33.25,1.385416667,38.54,45.57,49.8,52.9,55.36,57.4,59.15,60.7,62.08,63.33,63.91,65.01,66.04,67,67.91,68.76,69.57,70.34,71.08,72.14,77.92,85.97,93.08,98.53,106.74,112.88,133.53,149.55,202.98
33.5,1.395833333,38.62,45.67,49.91,53.01,55.47,57.52,59.28,60.82,62.21,63.46,64.04,65.15,66.18,67.15,68.05,68.91,69.72,70.5,71.24,72.3,78.09,86.18,93.32,98.78,107.01,113.17,133.85,149.9,203.38
33.75,1.40625,38.71,45.77,50.01,53.12,55.59,57.64,59.4,60.95,62.34,63.6,64.18,65.29,66.32,67.29,68.2,69.06,69.87,70.65,71.39,72.46,78.27,86.39,93.55,99.03,107.28,113.46,134.18,150.24,203.76
34,1.416666667,38.79,45.86,50.11,53.23,55.7,57.76,59.52,61.08,62.47,63.73,64.31,65.43,66.46,67.43,68.34,69.2,70.02,70.8,71.55,72.62,78.45,86.59,93.78,99.28,107.56,113.75,134.5,150.58,204.15
34.25,1.427083333,38.87,45.96,50.22,53.34,55.82,57.88,59.64,61.2,62.6,63.86,64.44,65.56,66.6,67.57,68.49,69.35,70.17,70.95,71.7,72.77,78.62,86.79,94.01,99.52,107.83,114.03,134.82,150.92,204.53
34.5,1.4375,38.95,46.05,50.32,53.45,55.93,57.99,59.77,61.33,62.72,63.99,64.58,65.7,66.74,67.71,68.63,69.5,70.32,71.1,71.86,72.93,78.8,87,94.24,99.77,108.1,114.32,135.14,151.26,204.92
34.75,1.447916667,39.04,46.14,50.42,53.55,56.04,58.11,59.89,61.45,62.85,64.12,64.71,65.83,66.88,67.85,68.77,69.64,70.47,71.25,72.01,73.09,78.97,87.2,94.46,100.02,108.37,114.6,135.46,151.6,205.29
35,1.458333333,39.12,46.24,50.52,53.66,56.15,58.23,60.01,61.57,62.98,64.25,64.84,65.97,67.01,67.99,68.92,69.79,70.61,71.4,72.16,73.24,79.15,87.4,94.69,100.26,108.63,114.88,135.77,151.93,205.67
35.25,1.46875,39.2,46.33,50.62,53.77,56.27,58.34,60.13,61.7,63.1,64.38,64.97,66.1,67.15,68.13,69.06,69.93,70.76,71.55,72.31,73.4,79.32,87.6,94.91,100.5,108.9,115.16,136.08,152.26,206.04
35.5,1.479166667,39.28,46.42,50.72,53.87,56.38,58.46,60.24,61.82,63.23,64.51,65.1,66.23,67.29,68.27,69.2,70.07,70.91,71.7,72.46,73.55,79.49,87.8,95.14,100.74,109.16,115.44,136.4,152.59,206.41
35.75,1.489583333,39.36,46.51,50.82,53.98,56.49,58.57,60.36,61.94,63.36,64.64,65.23,66.37,67.42,68.41,69.34,70.22,71.05,71.85,72.61,73.7,79.67,88,95.36,100.98,109.43,115.72,136.7,152.92,206.78
36,1.5,39.44,46.61,50.92,54.08,56.6,58.68,60.48,62.06,63.48,64.77,65.36,66.5,67.56,68.55,69.48,70.36,71.2,71.99,72.76,73.85,79.84,88.2,95.58,101.22,109.69,115.99,137.01,153.25,207.15
36.25,1.510416667,39.52,46.7,51.02,54.19,56.71,58.8,60.6,62.18,63.6,64.89,65.49,66.63,67.69,68.68,69.62,70.5,71.34,72.14,72.91,74.01,80.01,88.39,95.8,101.46,109.95,116.27,137.32,153.57,207.51
36.5,1.520833333,39.6,46.79,51.12,54.29,56.81,58.91,60.71,62.3,63.73,65.02,65.62,66.76,67.82,68.82,69.76,70.64,71.48,72.29,73.06,74.16,80.18,88.59,96.02,101.7,110.21,116.54,137.62,153.89,207.88
36.75,1.53125,39.68,46.88,51.21,54.4,56.92,59.02,60.83,62.42,63.85,65.15,65.74,66.89,67.96,68.95,69.89,70.78,71.63,72.43,73.2,74.31,80.34,88.79,96.24,101.94,110.46,116.81,137.92,154.21,208.23
37,1.541666667,39.76,46.97,51.31,54.5,57.03,59.14,60.95,62.54,63.97,65.27,65.87,67.02,68.09,69.09,70.03,70.92,71.77,72.57,73.35,74.46,80.51,88.98,96.46,102.17,110.72,117.08,138.22,154.53,208.59
37.25,1.552083333,39.84,47.06,51.41,54.6,57.14,59.25,61.06,62.66,64.09,65.4,66,67.15,68.22,69.22,70.17,71.06,71.91,72.72,73.5,74.61,80.68,89.17,96.68,102.4,110.98,117.35,138.52,154.84,208.95
37.5,1.5625,39.91,47.15,51.51,54.7,57.24,59.36,61.18,62.78,64.21,65.52,66.12,67.28,68.35,69.36,70.31,71.2,72.05,72.86,73.64,74.76,80.85,89.37,96.89,102.64,111.23,117.61,138.81,155.16,209.3
37.75,1.572916667,39.99,47.23,51.6,54.8,57.35,59.47,61.29,62.9,64.34,65.64,66.25,67.41,68.48,69.49,70.44,71.34,72.19,73,73.79,74.9,81.01,89.56,97.11,102.87,111.48,117.88,139.11,155.47,209.65
38,1.583333333,40.07,47.32,51.7,54.91,57.46,59.58,61.4,63.01,64.46,65.77,66.37,67.53,68.61,69.62,70.58,71.48,72.33,73.15,73.93,75.05,81.18,89.75,97.32,103.1,111.73,118.14,139.4,155.78,210
38.25,1.59375,40.15,47.41,51.79,55.01,57.56,59.69,61.52,63.13,64.58,65.89,66.5,67.66,68.74,69.76,70.71,71.61,72.47,73.29,74.07,75.2,81.34,89.94,97.54,103.33,111.98,118.4,139.69,156.09,210.34
38.5,1.604166667,40.22,47.5,51.89,55.11,57.67,59.8,61.63,63.25,64.69,66.01,66.62,67.79,68.87,69.89,70.84,71.75,72.61,73.43,74.22,75.34,81.51,90.13,97.75,103.56,112.23,118.67,139.98,156.39,210.69
38.75,1.614583333,40.3,47.59,51.98,55.21,57.77,59.91,61.74,63.36,64.81,66.13,66.74,67.91,69,70.02,70.98,71.89,72.75,73.57,74.36,75.49,81.67,90.32,97.96,103.78,112.48,118.92,140.27,156.7,211.03
39,1.625,40.37,47.67,52.07,55.31,57.87,60.01,61.85,63.48,64.93,66.25,66.87,68.04,69.13,70.15,71.11,72.02,72.89,73.71,74.5,75.63,81.83,90.51,98.17,104.01,112.72,119.18,140.55,157,211.37
39.25,1.635416667,40.45,47.76,52.17,55.4,57.98,60.12,61.96,63.59,65.05,66.38,66.99,68.16,69.26,70.28,71.24,72.16,73.02,73.85,74.64,75.78,81.99,90.69,98.38,104.24,112.97,119.44,140.84,157.3,211.71
39.5,1.645833333,40.52,47.84,52.26,55.5,58.08,60.23,62.08,63.7,65.17,66.5,67.11,68.29,69.38,70.41,71.38,72.29,73.16,73.99,74.78,75.92,82.15,90.88,98.59,104.46,113.21,119.7,141.12,157.6,212.04
39.75,1.65625,40.6,47.93,52.35,55.6,58.18,60.34,62.19,63.82,65.28,66.62,67.23,68.41,69.51,70.54,71.51,72.42,73.3,74.13,74.92,76.07,82.32,91.07,98.8,104.68,113.46,119.95,141.4,157.9,212.38
40,1.666666667,40.67,48.01,52.45,55.7,58.29,60.44,62.3,63.93,65.4,66.73,67.35,68.53,69.63,70.67,71.64,72.56,73.43,74.26,75.06,76.21,82.48,91.25,99,104.9,113.7,120.2,141.68,158.19,212.71
40.25,1.677083333,40.75,48.1,52.54,55.8,58.39,60.55,62.4,64.04,65.52,66.85,67.47,68.66,69.76,70.79,71.77,72.69,73.57,74.4,75.2,76.35,82.64,91.43,99.21,105.13,113.94,120.45,141.96,158.49,213.04
40.5,1.6875,40.82,48.18,52.63,55.89,58.49,60.65,62.51,64.16,65.63,66.97,67.59,68.78,69.89,70.92,71.9,72.82,73.7,74.54,75.34,76.49,82.79,91.62,99.41,105.35,114.18,120.71,142.24,158.78,213.37
40.75,1.697916667,40.9,48.27,52.72,55.99,58.59,60.76,62.62,64.27,65.75,67.09,67.71,68.9,70.01,71.05,72.03,72.95,73.83,74.67,75.48,76.63,82.95,91.8,99.62,105.57,114.41,120.95,142.51,159.07,213.69
41,1.708333333,40.97,48.35,52.81,56.09,58.69,60.86,62.73,64.38,65.86,67.21,67.83,69.02,70.13,71.18,72.16,73.09,73.97,74.81,75.62,76.77,83.11,91.98,99.82,105.78,114.65,121.2,142.78,159.36,214.02
41.25,1.71875,41.04,48.43,52.9,56.18,58.79,60.97,62.84,64.49,65.97,67.32,67.95,69.14,70.26,71.3,72.29,73.22,74.1,74.94,75.76,76.91,83.27,92.16,100.02,106,114.89,121.45,143.06,159.64,214.34
41.5,1.729166667,41.11,48.52,52.99,56.28,58.89,61.07,62.95,64.6,66.09,67.44,68.06,69.26,70.38,71.43,72.41,73.35,74.23,75.08,75.89,77.05,83.42,92.34,100.22,106.22,115.12,121.69,143.33,159.93,214.66
41.75,1.739583333,41.19,48.6,53.08,56.37,58.99,61.17,63.05,64.71,66.2,67.56,68.18,69.38,70.5,71.55,72.54,73.48,74.37,75.21,76.03,77.19,83.58,92.52,100.43,106.43,115.35,121.94,143.59,160.21,214.98
42,1.75,41.26,48.68,53.17,56.47,59.09,61.28,63.16,64.82,66.31,67.67,68.3,69.5,70.63,71.68,72.67,73.61,74.5,75.35,76.16,77.33,83.73,92.7,100.63,106.65,115.59,122.18,143.86,160.49,215.29
42.25,1.760416667,41.33,48.77,53.26,56.56,59.19,61.38,63.27,64.93,66.43,67.79,68.42,69.62,70.75,71.8,72.79,73.73,74.63,75.48,76.3,77.47,83.89,92.88,100.82,106.86,115.82,122.42,144.13,160.78,215.61
42.5,1.770833333,41.4,48.85,53.35,56.66,59.29,61.48,63.37,65.04,66.54,67.9,68.53,69.74,70.87,71.93,72.92,73.86,74.76,75.61,76.43,77.61,84.04,93.06,101.02,107.07,116.05,122.66,144.39,161.05,215.92
42.75,1.78125,41.47,48.93,53.44,56.75,59.39,61.58,63.48,65.15,66.65,68.02,68.65,69.86,70.99,72.05,73.05,73.99,74.89,75.74,76.57,77.75,84.2,93.24,101.22,107.28,116.28,122.9,144.65,161.33,216.23
43,1.791666667,41.54,49.01,53.52,56.84,59.48,61.69,63.58,65.26,66.76,68.13,68.76,69.98,71.11,72.17,73.17,74.12,75.02,75.88,76.7,77.88,84.35,93.41,101.42,107.5,116.5,123.14,144.92,161.61,216.54
43.25,1.802083333,41.61,49.09,53.61,56.94,59.58,61.79,63.69,65.36,66.87,68.24,68.88,70.1,71.23,72.29,73.3,74.25,75.15,76.01,76.84,78.02,84.5,93.59,101.61,107.71,116.73,123.38,145.18,161.88,216.85
43.5,1.8125,41.68,49.17,53.7,57.03,59.68,61.89,63.79,65.47,66.98,68.36,68.99,70.21,71.35,72.42,73.42,74.37,75.28,76.14,76.97,78.15,84.65,93.76,101.81,107.91,116.96,123.62,145.43,162.15,217.16
43.75,1.822916667,41.75,49.25,53.79,57.12,59.78,61.99,63.89,65.58,67.09,68.47,69.11,70.33,71.47,72.54,73.55,74.5,75.4,76.27,77.1,78.29,84.81,93.94,102,108.12,117.18,123.85,145.69,162.43,217.46
44,1.833333333,41.82,49.33,53.87,57.21,59.87,62.09,64,65.69,67.2,68.58,69.22,70.45,71.59,72.66,73.67,74.62,75.53,76.4,77.23,78.42,84.96,94.11,102.19,108.33,117.41,124.08,145.95,162.7,217.76
44.25,1.84375,41.89,49.41,53.96,57.3,59.97,62.19,64.1,65.79,67.31,68.69,69.33,70.56,71.71,72.78,73.79,74.75,75.66,76.53,77.36,78.56,85.11,94.29,102.39,108.54,117.63,124.32,146.2,162.96,218.06
44.5,1.854166667,41.96,49.49,54.05,57.4,60.06,62.29,64.2,65.9,67.42,68.81,69.45,70.68,71.82,72.9,73.91,74.87,75.79,76.66,77.49,78.69,85.26,94.46,102.58,108.74,117.85,124.55,146.46,163.23,218.36
44.75,1.864583333,42.03,49.57,54.13,57.49,60.16,62.39,64.31,66,67.53,68.92,69.56,70.79,71.94,73.02,74.04,75,75.91,76.79,77.63,78.82,85.41,94.63,102.77,108.95,118.07,124.78,146.71,163.5,218.66
45,1.875,42.1,49.65,54.22,57.58,60.25,62.48,64.41,66.11,67.64,69.03,69.67,70.91,72.06,73.14,74.16,75.12,76.04,76.91,77.76,78.96,85.55,94.8,102.96,109.15,118.29,125.01,146.96,163.76,218.96
45.25,1.885416667,42.17,49.73,54.3,57.67,60.35,62.58,64.51,66.21,67.74,69.14,69.78,71.02,72.18,73.26,74.28,75.25,76.17,77.04,77.88,79.09,85.7,94.97,103.15,109.35,118.51,125.24,147.21,164.02,219.25
45.5,1.895833333,42.23,49.8,54.39,57.76,60.44,62.68,64.61,66.32,67.85,69.25,69.89,71.14,72.29,73.38,74.4,75.37,76.29,77.17,78.01,79.22,85.85,95.14,103.34,109.55,118.73,125.46,147.46,164.29,219.54
45.75,1.90625,42.3,49.88,54.47,57.85,60.54,62.78,64.71,66.42,67.96,69.36,70,71.25,72.41,73.5,74.52,75.49,76.42,77.3,78.14,79.35,86,95.31,103.53,109.75,118.94,125.69,147.7,164.55,219.84
46,1.916666667,42.37,49.96,54.56,57.94,60.63,62.88,64.81,66.52,68.06,69.47,70.12,71.36,72.52,73.61,74.64,75.61,76.54,77.42,78.27,79.48,86.14,95.48,103.71,109.96,119.16,125.91,147.95,164.8,220.12
46.25,1.927083333,42.44,50.04,54.64,58.03,60.72,62.97,64.91,66.63,68.17,69.58,70.23,71.48,72.64,73.73,74.76,75.74,76.66,77.55,78.4,79.62,86.29,95.65,103.9,110.15,119.38,126.14,148.19,165.06,220.41
46.5,1.9375,42.5,50.11,54.72,58.11,60.82,63.07,65.01,66.73,68.28,69.68,70.34,71.59,72.75,73.85,74.88,75.86,76.79,77.67,78.53,79.75,86.43,95.81,104.09,110.35,119.59,126.36,148.44,165.32,220.7
46.75,1.947916667,42.57,50.19,54.81,58.2,60.91,63.17,65.11,66.83,68.38,69.79,70.45,71.7,72.87,73.97,75,75.98,76.91,77.8,78.65,79.88,86.58,95.98,104.27,110.55,119.8,126.58,148.68,165.57,220.98
47,1.958333333,42.64,50.27,54.89,58.29,61,63.26,65.21,66.94,68.49,69.9,70.55,71.81,72.98,74.08,75.12,76.1,77.03,77.92,78.78,80.01,86.72,96.15,104.46,110.75,120.01,126.8,148.92,165.82,221.27
47.25,1.96875,42.7,50.34,54.97,58.38,61.09,63.36,65.31,67.04,68.59,70.01,70.66,71.92,73.1,74.2,75.24,76.22,77.16,78.05,78.91,80.13,86.87,96.31,104.64,110.94,120.23,127.02,149.16,166.08,221.55
47.5,1.979166667,42.77,50.42,55.06,58.47,61.18,63.45,65.41,67.14,68.7,70.11,70.77,72.03,73.21,74.31,75.36,76.34,77.28,78.17,79.03,80.26,87.01,96.48,104.82,111.14,120.44,127.24,149.4,166.33,221.83
47.75,1.989583333,42.84,50.5,55.14,58.55,61.28,63.55,65.51,67.24,68.8,70.22,70.88,72.14,73.32,74.43,75.47,76.46,77.4,78.3,79.16,80.39,87.16,96.64,105.01,111.33,120.64,127.46,149.63,166.58,222.11
48,2,42.9,50.57,55.22,58.64,61.37,63.64,65.61,67.34,68.9,70.33,70.99,72.25,73.44,74.54,75.59,76.58,77.52,78.42,79.28,80.52,87.3,96.81,105.19,111.53,120.85,127.68,149.87,166.82,222.39
48.25,2.010416667,42.97,50.65,55.3,58.73,61.46,63.74,65.7,67.44,69.01,70.44,71.1,72.37,73.55,74.66,75.71,76.7,77.64,78.54,79.41,80.65,87.44,96.97,105.37,111.72,121.06,127.89,150.1,167.07,222.67
48.5,2.020833333,43.03,50.72,55.38,58.81,61.55,63.83,65.8,67.54,69.11,70.54,71.2,72.48,73.66,74.77,75.82,76.82,77.76,78.66,79.53,80.77,87.58,97.13,105.55,111.91,121.27,128.11,150.34,167.32,222.94
48.75,2.03125,43.09,50.79,55.46,58.9,61.64,63.93,65.9,67.64,69.22,70.65,71.31,72.59,73.77,74.89,75.94,76.94,77.88,78.79,79.66,80.9,87.73,97.3,105.73,112.1,121.47,128.32,150.57,167.56,223.22
49,2.041666667,43.16,50.87,55.55,58.99,61.73,64.02,66,67.75,69.32,70.75,71.42,72.7,73.89,75,76.06,77.06,78,78.91,79.78,81.03,87.87,97.46,105.91,112.29,121.67,128.53,150.81,167.81,223.49
49.25,2.052083333,43.22,50.94,55.63,59.07,61.82,64.11,66.09,67.85,69.42,70.86,71.52,72.8,74,75.12,76.17,77.17,78.12,79.03,79.91,81.15,88.01,97.62,106.09,112.48,121.88,128.74,151.04,168.05,223.76
49.5,2.0625,43.29,51.02,55.71,59.16,61.91,64.21,66.19,67.94,69.52,70.96,71.63,72.91,74.11,75.23,76.29,77.29,78.24,79.15,80.03,81.28,88.15,97.78,106.26,112.67,122.08,128.95,151.27,168.29,224.03
49.75,2.072916667,43.35,51.09,55.79,59.24,62,64.3,66.29,68.04,69.63,71.07,71.74,73.02,74.22,75.34,76.4,77.41,78.36,79.27,80.15,81.41,88.29,97.94,106.44,112.86,122.28,129.16,151.5,168.53,224.3
50,2.083333333,43.41,51.16,55.87,59.33,62.09,64.39,66.38,68.14,69.73,71.17,71.84,73.13,74.33,75.46,76.52,77.53,78.48,79.4,80.27,81.53,88.43,98.1,106.62,113.05,122.48,129.37,151.72,168.77,224.57
50.25,2.09375,43.48,51.24,55.95,59.41,62.18,64.48,66.48,68.24,69.83,71.28,71.95,73.24,74.44,75.57,76.63,77.64,78.6,79.52,80.4,81.66,88.57,98.26,106.79,113.23,122.68,129.58,151.95,169,224.83
50.5,2.104166667,43.54,51.31,56.02,59.49,62.26,64.58,66.57,68.34,69.93,71.38,72.05,73.35,74.55,75.68,76.75,77.76,78.72,79.64,80.52,81.78,88.71,98.42,106.97,113.42,122.88,129.79,152.17,169.24,225.1
50.75,2.114583333,43.6,51.38,56.1,59.58,62.35,64.67,66.67,68.44,70.03,71.49,72.16,73.45,74.66,75.79,76.86,77.87,78.84,79.76,80.64,81.9,88.84,98.58,107.14,113.6,123.08,129.99,152.4,169.48,225.36
51,2.125,43.67,51.45,56.18,59.66,62.44,64.76,66.76,68.54,70.13,71.59,72.26,73.56,74.77,75.9,76.98,77.99,78.95,79.87,80.76,82.03,88.98,98.74,107.31,113.78,123.27,130.19,152.62,169.71,225.62
51.25,2.135416667,43.73,51.53,56.26,59.75,62.53,64.85,66.86,68.63,70.23,71.69,72.37,73.67,74.88,76.02,77.09,78.11,79.07,79.99,80.88,82.15,89.12,98.89,107.49,113.97,123.47,130.4,152.84,169.94,225.88
51.5,2.145833333,43.79,51.6,56.34,59.83,62.61,64.94,66.95,68.73,70.33,71.79,72.47,73.77,74.99,76.13,77.2,78.22,79.19,80.11,81,82.27,89.26,99.05,107.66,114.15,123.66,130.6,153.06,170.17,226.14
51.75,2.15625,43.85,51.67,56.42,59.91,62.7,65.03,67.05,68.83,70.43,71.9,72.58,73.88,75.1,76.24,77.31,78.33,79.3,80.23,81.12,82.4,89.39,99.21,107.83,114.33,123.86,130.8,153.28,170.4,226.4
52,2.166666667,43.91,51.74,56.5,60,62.79,65.12,67.14,68.93,70.53,72,72.68,73.99,75.2,76.35,77.43,78.45,79.42,80.35,81.24,82.52,89.53,99.36,108,114.51,124.05,131,153.5,170.63,226.66
52.25,2.177083333,43.98,51.81,56.57,60.08,62.88,65.21,67.23,69.02,70.63,72.1,72.78,74.09,75.31,76.46,77.54,78.56,79.54,80.47,81.36,82.64,89.66,99.52,108.17,114.69,124.24,131.2,153.72,170.86,226.91
52.5,2.1875,44.04,51.89,56.65,60.16,62.96,65.3,67.33,69.12,70.73,72.2,72.88,74.2,75.42,76.57,77.65,78.68,79.65,80.58,81.48,82.76,89.8,99.67,108.34,114.87,124.43,131.4,153.94,171.09,227.17
52.75,2.197916667,44.1,51.96,56.73,60.24,63.05,65.39,67.42,69.21,70.83,72.3,72.99,74.3,75.53,76.68,77.76,78.79,79.77,80.7,81.6,82.88,89.93,99.82,108.51,115.05,124.62,131.6,154.15,171.31,227.42
53,2.208333333,44.16,52.03,56.81,60.32,63.13,65.48,67.51,69.31,70.93,72.4,73.09,74.41,75.63,76.79,77.87,78.9,79.88,80.82,81.72,83,90.07,99.98,108.67,115.23,124.81,131.8,154.37,171.53,227.67
53.25,2.21875,44.22,52.1,56.88,60.41,63.22,65.57,67.6,69.41,71.03,72.51,73.19,74.51,75.74,76.89,77.98,79.01,80,80.93,81.83,83.12,90.2,100.13,108.84,115.4,125,131.99,154.58,171.76,227.92
53.5,2.229166667,44.28,52.17,56.96,60.49,63.31,65.66,67.7,69.5,71.12,72.61,73.29,74.61,75.85,77,78.09,79.13,80.11,81.05,81.95,83.24,90.34,100.28,109.01,115.58,125.19,132.19,154.79,171.98,228.17
53.75,2.239583333,44.34,52.24,57.04,60.57,63.39,65.75,67.79,69.6,71.22,72.71,73.39,74.72,75.95,77.11,78.2,79.24,80.22,81.16,82.07,83.36,90.47,100.43,109.17,115.75,125.38,132.38,155,172.2,228.42
54,2.25,44.4,52.31,57.11,60.65,63.48,65.84,67.88,69.69,71.32,72.81,73.5,74.82,76.06,77.22,78.31,79.35,80.34,81.28,82.19,83.48,90.6,100.58,109.34,115.93,125.56,132.57,155.21,172.42,228.66
54.25,2.260416667,44.46,52.38,57.19,60.73,63.56,65.93,67.97,69.78,71.42,72.91,73.6,74.92,76.16,77.33,78.42,79.46,80.45,81.39,82.3,83.6,90.73,100.73,109.5,116.1,125.75,132.77,155.42,172.64,228.91
54.5,2.270833333,44.52,52.45,57.26,60.81,63.64,66.01,68.06,69.88,71.51,73.01,73.7,75.03,76.27,77.43,78.53,79.57,80.56,81.51,82.42,83.72,90.86,100.88,109.67,116.28,125.93,132.96,155.63,172.86,229.15
54.75,2.28125,44.58,52.52,57.34,60.89,63.73,66.1,68.15,69.97,71.61,73.1,73.8,75.13,76.37,77.54,78.64,79.68,80.68,81.62,82.53,83.84,91,101.03,109.83,116.45,126.12,133.15,155.84,173.07,229.39
55,2.291666667,44.64,52.59,57.42,60.97,63.81,66.19,68.25,70.07,71.71,73.2,73.9,75.23,76.48,77.65,78.75,79.79,80.79,81.74,82.65,83.96,91.13,101.18,109.99,116.62,126.3,133.34,156.05,173.29,229.63
55.25,2.302083333,44.7,52.66,57.49,61.05,63.9,66.28,68.34,70.16,71.8,73.3,74,75.33,76.58,77.75,78.86,79.9,80.9,81.85,82.77,84.07,91.26,101.33,110.16,116.79,126.48,133.53,156.25,173.5,229.88
55.5,2.3125,44.76,52.73,57.57,61.13,63.98,66.36,68.43,70.25,71.9,73.4,74.1,75.44,76.69,77.86,78.96,80.01,81.01,81.96,82.88,84.19,91.39,101.48,110.32,116.96,126.67,133.72,156.46,173.72,230.11
55.75,2.322916667,44.82,52.79,57.64,61.21,64.06,66.45,68.52,70.35,71.99,73.5,74.2,75.54,76.79,77.96,79.07,80.12,81.12,82.08,82.99,84.31,91.52,101.63,110.48,117.13,126.85,133.9,156.66,173.93,230.35
56,2.333333333,44.88,52.86,57.72,61.29,64.15,66.54,68.61,70.44,72.09,73.6,74.29,75.64,76.89,78.07,79.18,80.23,81.23,82.19,83.11,84.42,91.65,101.77,110.64,117.3,127.03,134.09,156.86,174.14,230.59
56.25,2.34375,44.94,52.93,57.79,61.37,64.23,66.63,68.7,70.53,72.18,73.69,74.39,75.74,77,78.17,79.29,80.34,81.34,82.3,83.22,84.54,91.78,101.92,110.8,117.47,127.21,134.28,157.06,174.35,230.82
56.5,2.354166667,45,53,57.86,61.45,64.31,66.71,68.79,70.62,72.28,73.79,74.49,75.84,77.1,78.28,79.39,80.45,81.45,82.41,83.34,84.66,91.9,102.06,110.96,117.64,127.39,134.46,157.26,174.56,231.06
56.75,2.364583333,45.06,53.07,57.94,61.53,64.4,66.8,68.87,70.72,72.37,73.89,74.59,75.94,77.2,78.38,79.5,80.56,81.56,82.52,83.45,84.77,92.03,102.21,111.12,117.81,127.56,134.65,157.46,174.77,231.29
57,2.375,45.12,53.14,58.01,61.61,64.48,66.88,68.96,70.81,72.47,73.98,74.69,76.04,77.3,78.49,79.61,80.67,81.67,82.64,83.56,84.89,92.16,102.35,111.28,117.97,127.74,134.83,157.66,174.98,231.52
57.25,2.385416667,45.17,53.2,58.09,61.68,64.56,66.97,69.05,70.9,72.56,74.08,74.79,76.14,77.4,78.59,79.71,80.77,81.78,82.75,83.68,85,92.29,102.5,111.43,118.14,127.92,135.01,157.86,175.19,231.76
57.5,2.395833333,45.23,53.27,58.16,61.76,64.64,67.05,69.14,70.99,72.66,74.18,74.88,76.24,77.51,78.7,79.82,80.88,81.89,82.86,83.79,85.12,92.41,102.64,111.59,118.3,128.09,135.19,158.06,175.39,231.99
57.75,2.40625,45.29,53.34,58.23,61.84,64.72,67.14,69.23,71.08,72.75,74.27,74.98,76.34,77.61,78.8,79.92,80.99,82,82.97,83.9,85.23,92.54,102.79,111.75,118.47,128.27,135.38,158.25,175.6,232.22
58,2.416666667,45.35,53.41,58.31,61.92,64.81,67.22,69.32,71.17,72.84,74.37,75.08,76.44,77.71,78.9,80.03,81.1,82.11,83.08,84.01,85.35,92.67,102.93,111.9,118.63,128.44,135.56,158.45,175.8,232.44
58.25,2.427083333,45.41,53.47,58.38,62,64.89,67.31,69.4,71.26,72.94,74.47,75.17,76.54,77.81,79.01,80.13,81.2,82.22,83.19,84.12,85.46,92.79,103.07,112.06,118.8,128.62,135.74,158.64,176,232.67
58.5,2.4375,45.46,53.54,58.45,62.07,64.97,67.39,69.49,71.35,73.03,74.56,75.27,76.64,77.91,79.11,80.24,81.31,82.33,83.3,84.23,85.57,92.92,103.21,112.21,118.96,128.79,135.91,158.84,176.2,232.9
58.75,2.447916667,45.52,53.61,58.53,62.15,65.05,67.48,69.58,71.44,73.12,74.66,75.37,76.73,78.01,79.21,80.34,81.41,82.43,83.41,84.35,85.69,93.04,103.36,112.37,119.12,128.96,136.09,159.03,176.41,233.12
59,2.458333333,45.58,53.67,58.6,62.23,65.13,67.56,69.67,71.53,73.21,74.75,75.46,76.83,78.11,79.31,80.45,81.52,82.54,83.52,84.46,85.8,93.17,103.5,112.52,119.28,129.13,136.27,159.22,176.61,233.34
59.25,2.46875,45.64,53.74,58.67,62.3,65.21,67.65,69.75,71.62,73.31,74.85,75.56,76.93,78.21,79.41,80.55,81.63,82.65,83.63,84.57,85.91,93.29,103.64,112.67,119.44,129.3,136.45,159.41,176.8,233.57
59.5,2.479166667,45.69,53.81,58.74,62.38,65.29,67.73,69.84,71.71,73.4,74.94,75.65,77.03,78.31,79.52,80.65,81.73,82.76,83.73,84.68,86.02,93.42,103.78,112.83,119.61,129.47,136.62,159.6,177,233.79
59.75,2.489583333,45.75,53.87,58.81,62.46,65.37,67.81,69.93,71.8,73.49,75.03,75.75,77.13,78.41,79.62,80.76,81.84,82.86,83.84,84.79,86.13,93.54,103.92,112.98,119.77,129.64,136.8,159.79,177.2,234.01
60,2.5,45.81,53.94,58.89,62.53,65.45,67.9,70.01,71.89,73.58,75.13,75.84,77.22,78.51,79.72,80.86,81.94,82.97,83.95,84.9,86.25,93.66,104.06,113.13,119.92,129.81,136.97,159.98,177.4,234.23
60.25,2.510416667,45.86,54,58.96,62.61,65.53,67.98,70.1,71.98,73.67,75.22,75.94,77.32,78.61,79.82,80.96,82.04,83.07,84.06,85,86.36,93.79,104.2,113.28,120.08,129.98,137.15,160.17,177.59,234.45
60.5,2.520833333,45.92,54.07,59.03,62.69,65.61,68.06,70.19,72.07,73.76,75.31,76.03,77.42,78.71,79.92,81.06,82.15,83.18,84.16,85.11,86.47,93.91,104.33,113.43,120.24,130.15,137.32,160.35,177.79,234.67
60.75,2.53125,45.98,54.14,59.1,62.76,65.69,68.15,70.27,72.16,73.86,75.41,76.13,77.51,78.81,80.02,81.17,82.25,83.29,84.27,85.22,86.58,94.03,104.47,113.58,120.4,130.31,137.49,160.54,177.98,234.88
61,2.541666667,46.03,54.2,59.17,62.84,65.77,68.23,70.36,72.25,73.95,75.5,76.22,77.61,78.9,80.12,81.27,82.36,83.39,84.38,85.33,86.69,94.15,104.61,113.73,120.56,130.48,137.66,160.73,178.17,235.1
61.25,2.552083333,46.09,54.27,59.24,62.91,65.85,68.31,70.44,72.33,74.04,75.59,76.32,77.71,79,80.22,81.37,82.46,83.5,84.49,85.44,86.8,94.28,104.75,113.88,120.71,130.65,137.83,160.91,178.37,235.31
61.5,2.5625,46.15,54.33,59.31,62.99,65.93,68.39,70.53,72.42,74.13,75.69,76.41,77.8,79.1,80.32,81.47,82.56,83.6,84.59,85.55,86.91,94.4,104.88,114.03,120.87,130.81,138,161.09,178.56,235.53
61.75,2.572916667,46.2,54.4,59.39,63.06,66.01,68.48,70.61,72.51,74.22,75.78,76.5,77.9,79.2,80.42,81.57,82.67,83.71,84.7,85.65,87.02,94.52,105.02,114.17,121.02,130.97,138.17,161.28,178.75,235.74
62,2.583333333,46.26,54.46,59.46,63.14,66.09,68.56,70.7,72.6,74.31,75.87,76.6,77.99,79.3,80.52,81.67,82.77,83.81,84.8,85.76,87.13,94.64,105.16,114.32,121.18,131.14,138.34,161.46,178.94,235.95
62.25,2.59375,46.31,54.53,59.53,63.21,66.17,68.64,70.78,72.68,74.4,75.96,76.69,78.09,79.39,80.62,81.77,82.87,83.91,84.91,85.87,87.24,94.76,105.29,114.47,121.33,131.3,138.51,161.64,179.13,236.16
62.5,2.604166667,46.37,54.59,59.6,63.29,66.24,68.72,70.87,72.77,74.49,76.06,76.78,78.18,79.49,80.72,81.87,82.97,84.02,85.01,85.97,87.35,94.88,105.43,114.62,121.48,131.46,138.68,161.82,179.31,236.37
62.75,2.614583333,46.42,54.65,59.67,63.36,66.32,68.8,70.95,72.86,74.58,76.15,76.88,78.28,79.59,80.82,81.98,83.07,84.12,85.12,86.08,87.45,95,105.56,114.76,121.64,131.62,138.84,162,179.5,236.58
63,2.625,46.48,54.72,59.74,63.44,66.4,68.88,71.04,72.94,74.66,76.24,76.97,78.37,79.68,80.91,82.08,83.18,84.22,85.22,86.19,87.56,95.12,105.7,114.91,121.79,131.79,139.01,162.18,179.69,236.79
63.25,2.635416667,46.54,54.78,59.81,63.51,66.48,68.96,71.12,73.03,74.75,76.33,77.06,78.47,79.78,81.01,82.17,83.28,84.33,85.33,86.29,87.67,95.24,105.83,115.05,121.94,131.95,139.17,162.36,179.87,237
63.5,2.645833333,46.59,54.85,59.88,63.59,66.56,69.05,71.2,73.12,74.84,76.42,77.15,78.56,79.87,81.11,82.27,83.38,84.43,85.43,86.4,87.78,95.35,105.96,115.2,122.09,132.11,139.34,162.53,180.06,237.2
63.75,2.65625,46.65,54.91,59.95,63.66,66.63,69.13,71.29,73.2,74.93,76.51,77.24,78.65,79.97,81.21,82.37,83.48,84.53,85.54,86.5,87.89,95.47,106.1,115.34,122.24,132.26,139.5,162.71,180.24,237.41
64,2.666666667,46.7,54.97,60.02,63.73,66.71,69.21,71.37,73.29,75.02,76.6,77.34,78.75,80.07,81.3,82.47,83.58,84.63,85.64,86.61,87.99,95.59,106.23,115.48,122.39,132.42,139.67,162.89,180.42,237.61
64.25,2.677083333,46.76,55.04,60.08,63.81,66.79,69.29,71.45,73.37,75.11,76.69,77.43,78.84,80.16,81.4,82.57,83.68,84.74,85.74,86.71,88.1,95.71,106.36,115.63,122.54,132.58,139.83,163.06,180.61,237.82
64.5,2.6875,46.81,55.1,60.15,63.88,66.86,69.37,71.54,73.46,75.2,76.78,77.52,78.93,80.26,81.5,82.67,83.78,84.84,85.85,86.82,88.21,95.83,106.49,115.77,122.69,132.74,139.99,163.24,180.79,238.02
64.75,2.697916667,46.86,55.17,60.22,63.95,66.94,69.45,71.62,73.55,75.28,76.87,77.61,79.03,80.35,81.59,82.77,83.88,84.94,85.95,86.92,88.31,95.94,106.62,115.91,122.84,132.89,140.15,163.41,180.97,238.22
65,2.708333333,46.92,55.23,60.29,64.03,67.02,69.53,71.7,73.63,75.37,76.96,77.7,79.12,80.45,81.69,82.87,83.98,85.04,86.05,87.03,88.42,96.06,106.75,116.05,122.99,133.05,140.31,163.58,181.15,238.42
65.25,2.71875,46.97,55.29,60.36,64.1,67.09,69.61,71.78,73.72,75.46,77.05,77.79,79.21,80.54,81.79,82.96,84.08,85.14,86.15,87.13,88.52,96.18,106.89,116.19,123.14,133.21,140.47,163.75,181.33,238.62
65.5,2.729166667,47.03,55.35,60.43,64.17,67.17,69.69,71.87,73.8,75.55,77.14,77.88,79.31,80.63,81.88,83.06,84.18,85.24,86.26,87.23,88.63,96.29,107.02,116.33,123.28,133.36,140.63,163.93,181.51,238.82
65.75,2.739583333,47.08,55.42,60.5,64.25,67.25,69.77,71.95,73.89,75.63,77.23,77.97,79.4,80.73,81.98,83.16,84.28,85.34,86.36,87.34,88.73,96.41,107.15,116.47,123.43,133.52,140.79,164.1,181.69,239.02
66,2.75,47.14,55.48,60.57,64.32,67.32,69.84,72.03,73.97,75.72,77.32,78.06,79.49,80.82,82.07,83.26,84.38,85.44,86.46,87.44,88.84,96.52,107.27,116.61,123.58,133.67,140.95,164.27,181.86,239.22
66.25,2.760416667,47.19,55.54,60.63,64.39,67.4,69.92,72.11,74.05,75.81,77.41,78.15,79.58,80.92,82.17,83.35,84.48,85.54,86.56,87.54,88.94,96.64,107.4,116.75,123.72,133.82,141.11,164.44,182.04,239.41
66.5,2.770833333,47.24,55.61,60.7,64.46,67.47,70,72.19,74.14,75.89,77.5,78.24,79.67,81.01,82.27,83.45,84.57,85.64,86.66,87.65,89.05,96.75,107.53,116.89,123.87,133.98,141.27,164.61,182.21,239.61
66.75,2.78125,47.3,55.67,60.77,64.53,67.55,70.08,72.28,74.22,75.98,77.58,78.33,79.76,81.1,82.36,83.55,84.67,85.74,86.76,87.75,89.15,96.87,107.66,117.03,124.01,134.13,141.42,164.77,182.39,239.81
67,2.791666667,47.35,55.73,60.84,64.61,67.63,70.16,72.36,74.31,76.06,77.67,78.42,79.86,81.2,82.46,83.64,84.77,85.84,86.86,87.85,89.26,96.98,107.79,117.17,124.16,134.28,141.58,164.94,182.56,240
67.25,2.802083333,47.4,55.79,60.91,64.68,67.7,70.24,72.44,74.39,76.15,77.76,78.51,79.95,81.29,82.55,83.74,84.87,85.94,86.97,87.95,89.36,97.1,107.92,117.3,124.3,134.43,141.73,165.11,182.74,240.19
67.5,2.8125,47.46,55.85,60.97,64.75,67.78,70.32,72.52,74.47,76.24,77.85,78.6,80.04,81.38,82.64,83.84,84.97,86.04,87.07,88.05,89.46,97.21,108.04,117.44,124.44,134.58,141.89,165.27,182.91,240.39
67.75,2.822916667,47.51,55.92,61.04,64.82,67.85,70.39,72.6,74.56,76.32,77.94,78.69,80.13,81.47,82.74,83.93,85.06,86.14,87.17,88.15,89.57,97.32,108.17,117.58,124.59,134.73,142.04,165.44,183.08,240.58
68,2.833333333,47.56,55.98,61.11,64.89,67.93,70.47,72.68,74.64,76.41,78.02,78.77,80.22,81.57,82.83,84.03,85.16,86.24,87.27,88.26,89.67,97.44,108.3,117.71,124.73,134.88,142.2,165.6,183.25,240.77
68.25,2.84375,47.62,56.04,61.17,64.96,68,70.55,72.76,74.72,76.49,78.11,78.86,80.31,81.66,82.93,84.12,85.26,86.34,87.37,88.36,89.77,97.55,108.42,117.85,124.87,135.03,142.35,165.77,183.42,240.96
68.5,2.854166667,47.67,56.1,61.24,65.04,68.08,70.63,72.84,74.81,76.58,78.2,78.95,80.4,81.75,83.02,84.22,85.35,86.43,87.46,88.46,89.88,97.66,108.55,117.98,125.01,135.18,142.5,165.93,183.59,241.15
68.75,2.864583333,47.72,56.16,61.31,65.11,68.15,70.7,72.92,74.89,76.66,78.29,79.04,80.49,81.84,83.11,84.31,85.45,86.53,87.56,88.56,89.98,97.77,108.67,118.12,125.15,135.32,142.65,166.09,183.76,241.34
69,2.875,47.77,56.22,61.37,65.18,68.22,70.78,73,74.97,76.75,78.37,79.13,80.58,81.93,83.21,84.41,85.55,86.63,87.66,88.66,90.08,97.89,108.8,118.25,125.29,135.47,142.81,166.26,183.93,241.53
69.25,2.885416667,47.83,56.28,61.44,65.25,68.3,70.86,73.08,75.05,76.83,78.46,79.21,80.67,82.02,83.3,84.5,85.64,86.73,87.76,88.76,90.18,98,108.92,118.39,125.43,135.62,142.96,166.42,184.1,241.71
69.5,2.895833333,47.88,56.35,61.51,65.32,68.37,70.94,73.16,75.13,76.92,78.55,79.3,80.76,82.12,83.39,84.6,85.74,86.82,87.86,88.86,90.28,98.11,109.05,118.52,125.57,135.76,143.11,166.58,184.27,241.9
69.75,2.90625,47.93,56.41,61.57,65.39,68.45,71.01,73.24,75.22,77,78.63,79.39,80.85,82.21,83.48,84.69,85.83,86.92,87.96,88.96,90.39,98.22,109.17,118.65,125.71,135.91,143.26,166.74,184.43,242.09
70,2.916666667,47.98,56.47,61.64,65.46,68.52,71.09,73.32,75.3,77.08,78.72,79.48,80.93,82.3,83.58,84.78,85.93,87.02,88.06,89.06,90.49,98.33,109.3,118.79,125.85,136.06,143.41,166.9,184.6,242.27
70.25,2.927083333,48.04,56.53,61.71,65.53,68.59,71.17,73.4,75.38,77.17,78.8,79.56,81.02,82.39,83.67,84.88,86.02,87.11,88.15,89.16,90.59,98.44,109.42,118.92,125.98,136.2,143.55,167.06,184.76,242.45
70.5,2.9375,48.09,56.59,61.77,65.6,68.67,71.24,73.48,75.46,77.25,78.89,79.65,81.11,82.48,83.76,84.97,86.12,87.21,88.25,89.26,90.69,98.55,109.54,119.05,126.12,136.34,143.7,167.22,184.93,242.64
70.75,2.947916667,48.14,56.65,61.84,65.67,68.74,71.32,73.56,75.54,77.34,78.98,79.74,81.2,82.57,83.85,85.06,86.21,87.31,88.35,89.35,90.79,98.66,109.66,119.18,126.26,136.49,143.85,167.37,185.09,242.82
71,2.958333333,48.19,56.71,61.9,65.74,68.81,71.39,73.64,75.62,77.42,79.06,79.82,81.29,82.66,83.94,85.16,86.31,87.4,88.45,89.45,90.89,98.77,109.79,119.31,126.4,136.63,144,167.53,185.26,243
71.25,2.96875,48.24,56.77,61.97,65.81,68.89,71.47,73.71,75.71,77.5,79.15,79.91,81.38,82.75,84.03,85.25,86.4,87.5,88.54,89.55,90.99,98.88,109.91,119.44,126.53,136.77,144.14,167.69,185.42,243.18
71.5,2.979166667,48.3,56.83,62.04,65.88,68.96,71.55,73.79,75.79,77.58,79.23,79.99,81.46,82.84,84.13,85.34,86.5,87.59,88.64,89.65,91.09,98.99,110.03,119.57,126.67,136.92,144.29,167.84,185.58,243.37
71.75,2.989583333,48.35,56.89,62.1,65.95,69.03,71.62,73.87,75.87,77.67,79.32,80.08,81.55,82.93,84.22,85.44,86.59,87.69,88.74,89.75,91.19,99.1,110.15,119.7,126.8,137.06,144.43,168,185.74,243.55
72,3,48.4,56.95,62.17,66.02,69.1,71.7,73.95,75.95,77.75,79.4,80.17,81.64,83.02,84.31,85.53,86.68,87.78,88.83,89.84,91.29,99.21,110.27,119.83,126.94,137.2,144.58,168.15,185.9,243.72
72.25,3.010416667,48.45,57.01,62.23,66.09,69.18,71.77,74.03,76.03,77.83,79.49,80.25,81.73,83.1,84.4,85.62,86.78,87.88,88.93,89.94,91.39,99.32,110.39,119.96,127.07,137.34,144.72,168.31,186.06,243.9
72.5,3.020833333,48.5,57.07,62.3,66.16,69.25,71.85,74.1,76.11,77.92,79.57,80.34,81.81,83.19,84.49,85.71,86.87,87.97,89.03,90.04,91.49,99.43,110.51,120.09,127.2,137.48,144.87,168.46,186.22,244.08
72.75,3.03125,48.55,57.13,62.36,66.22,69.32,71.92,74.18,76.19,78,79.65,80.42,81.9,83.28,84.58,85.8,86.96,88.07,89.12,90.14,91.59,99.53,110.63,120.22,127.34,137.62,145.01,168.61,186.38,244.26
73,3.041666667,48.61,57.19,62.43,66.29,69.39,72,74.26,76.27,78.08,79.74,80.51,81.99,83.37,84.67,85.89,87.06,88.16,89.22,90.23,91.68,99.64,110.75,120.35,127.47,137.76,145.15,168.77,186.54,244.43
73.25,3.052083333,48.66,57.25,62.49,66.36,69.47,72.07,74.34,76.35,78.16,79.82,80.59,82.07,83.46,84.76,85.99,87.15,88.26,89.31,90.33,91.78,99.75,110.87,120.47,127.6,137.9,145.3,168.92,186.7,244.61
73.5,3.0625,48.71,57.31,62.56,66.43,69.54,72.15,74.41,76.43,78.24,79.91,80.68,82.16,83.55,84.85,86.08,87.24,88.35,89.41,90.43,91.88,99.86,110.99,120.6,127.74,138.03,145.44,169.07,186.86,244.78
73.75,3.072916667,48.76,57.37,62.62,66.5,69.61,72.22,74.49,76.51,78.32,79.99,80.76,82.25,83.64,84.94,86.17,87.33,88.44,89.5,90.52,91.98,99.96,111.11,120.73,127.87,138.17,145.58,169.22,187.01,244.96
74,3.083333333,48.81,57.43,62.68,66.57,69.68,72.3,74.57,76.59,78.41,80.07,80.85,82.33,83.72,85.03,86.26,87.43,88.54,89.6,90.62,92.08,100.07,111.23,120.85,128,138.31,145.72,169.37,187.17,245.13
74.25,3.09375,48.86,57.48,62.75,66.64,69.75,72.37,74.65,76.67,78.49,80.16,80.93,82.42,83.81,85.12,86.35,87.52,88.63,89.69,90.71,92.17,100.18,111.34,120.98,128.13,138.45,145.86,169.52,187.32,245.31
74.5,3.104166667,48.91,57.54,62.81,66.7,69.82,72.45,74.72,76.74,78.57,80.24,81.01,82.51,83.9,85.21,86.44,87.61,88.72,89.79,90.81,92.27,100.28,111.46,121.11,128.26,138.58,146,169.67,187.48,245.48
74.75,3.114583333,48.96,57.6,62.88,66.77,69.89,72.52,74.8,76.82,78.65,80.32,81.1,82.59,83.99,85.29,86.53,87.7,88.82,89.88,90.9,92.37,100.39,111.58,121.23,128.39,138.72,146.14,169.82,187.63,245.65
75,3.125,49.01,57.66,62.94,66.84,69.97,72.59,74.88,76.9,78.73,80.4,81.18,82.68,84.07,85.38,86.62,87.79,88.91,89.97,91,92.46,100.49,111.7,121.36,128.52,138.85,146.28,169.97,187.79,245.82
75.25,3.135416667,49.06,57.72,63,66.91,70.04,72.67,74.95,76.98,78.81,80.49,81.27,82.76,84.16,85.47,86.71,87.89,89,90.07,91.09,92.56,100.6,111.81,121.48,128.65,138.99,146.42,170.11,187.94,245.99
75.5,3.145833333,49.11,57.78,63.07,66.98,70.11,72.74,75.03,77.06,78.89,80.57,81.35,82.85,84.25,85.56,86.8,87.98,89.09,90.16,91.19,92.66,100.7,111.93,121.6,128.78,139.12,146.55,170.26,188.09,246.16
75.75,3.15625,49.16,57.84,63.13,67.04,70.18,72.81,75.1,77.14,78.97,80.65,81.43,82.93,84.33,85.65,86.89,88.07,89.19,90.26,91.28,92.75,100.81,112.04,121.73,128.91,139.26,146.69,170.41,188.24,246.33
76,3.166666667,49.21,57.9,63.2,67.11,70.25,72.89,75.18,77.22,79.05,80.73,81.52,83.02,84.42,85.74,86.98,88.16,89.28,90.35,91.38,92.85,100.91,112.16,121.85,129.03,139.39,146.83,170.55,188.39,246.5
76.25,3.177083333,49.26,57.95,63.26,67.18,70.32,72.96,75.26,77.29,79.13,80.82,81.6,83.1,84.51,85.82,87.07,88.25,89.37,90.44,91.47,92.95,101.02,112.27,121.97,129.16,139.52,146.97,170.7,188.55,246.67
76.5,3.1875,49.31,58.01,63.32,67.24,70.39,73.03,75.33,77.37,79.21,80.9,81.68,83.19,84.59,85.91,87.16,88.34,89.46,90.53,91.57,93.04,101.12,112.39,122.1,129.29,139.66,147.1,170.84,188.7,246.83
76.75,3.197916667,49.36,58.07,63.39,67.31,70.46,73.11,75.41,77.45,79.29,80.98,81.76,83.27,84.68,86,87.25,88.43,89.55,90.63,91.66,93.14,101.23,112.5,122.22,129.42,139.79,147.24,170.99,188.85,247
77,3.208333333,49.41,58.13,63.45,67.38,70.53,73.18,75.48,77.53,79.37,81.06,81.85,83.35,84.76,86.09,87.34,88.52,89.65,90.72,91.75,93.23,101.33,112.62,122.34,129.54,139.92,147.37,171.13,188.99,247.17
77.25,3.21875,49.46,58.19,63.51,67.45,70.6,73.25,75.56,77.61,79.45,81.14,81.93,83.44,84.85,86.17,87.42,88.61,89.74,90.81,91.85,93.33,101.43,112.73,122.46,129.67,140.05,147.51,171.27,189.14,247.33
77.5,3.229166667,49.51,58.24,63.57,67.51,70.67,73.33,75.63,77.68,79.53,81.23,82.01,83.52,84.93,86.26,87.51,88.7,89.83,90.9,91.94,93.42,101.54,112.85,122.58,129.79,140.18,147.64,171.42,189.29,247.5
77.75,3.239583333,49.56,58.3,63.64,67.58,70.74,73.4,75.71,77.76,79.61,81.31,82.09,83.61,85.02,86.35,87.6,88.79,89.92,91,92.03,93.52,101.64,112.96,122.7,129.92,140.31,147.77,171.56,189.44,247.66
78,3.25,49.61,58.36,63.7,67.65,70.81,73.47,75.78,77.84,79.69,81.39,82.17,83.69,85.11,86.43,87.69,88.88,90.01,91.09,92.13,93.61,101.74,113.07,122.82,130.04,140.44,147.91,171.7,189.59,247.82
78.25,3.260416667,49.66,58.42,63.76,67.71,70.88,73.54,75.86,77.91,79.77,81.47,82.26,83.77,85.19,86.52,87.78,88.97,90.1,91.18,92.22,93.7,101.84,113.19,122.94,130.17,140.57,148.04,171.84,189.73,247.99
78.5,3.270833333,49.71,58.47,63.83,67.78,70.95,73.62,75.93,77.99,79.85,81.55,82.34,83.86,85.28,86.61,87.86,89.06,90.19,91.27,92.31,93.8,101.95,113.3,123.06,130.29,140.7,148.17,171.98,189.88,248.15
78.75,3.28125,49.76,58.53,63.89,67.84,71.02,73.69,76.01,78.07,79.93,81.63,82.42,83.94,85.36,86.69,87.95,89.14,90.28,91.36,92.4,93.89,102.05,113.41,123.18,130.42,140.83,148.3,172.12,190.02,248.31
79,3.291666667,49.81,58.59,63.95,67.91,71.09,73.76,76.08,78.14,80.01,81.71,82.5,84.02,85.44,86.78,88.04,89.23,90.37,91.45,92.5,93.99,102.15,113.52,123.3,130.54,140.96,148.44,172.26,190.17,248.47
79.25,3.302083333,49.86,58.65,64.01,67.98,71.16,73.83,76.16,78.22,80.08,81.79,82.58,84.11,85.53,86.87,88.13,89.32,90.46,91.54,92.59,94.08,102.25,113.64,123.42,130.66,141.09,148.57,172.4,190.31,248.63
79.5,3.3125,49.91,58.7,64.07,68.04,71.23,73.9,76.23,78.3,80.16,81.87,82.66,84.19,85.61,86.95,88.21,89.41,90.55,91.64,92.68,94.17,102.35,113.75,123.54,130.78,141.22,148.7,172.54,190.46,248.79
79.75,3.322916667,49.96,58.76,64.14,68.11,71.29,73.98,76.3,78.37,80.24,81.95,82.74,84.27,85.7,87.04,88.3,89.5,90.64,91.73,92.77,94.27,102.45,113.86,123.66,130.91,141.34,148.83,172.68,190.6,248.95
80,3.333333333,50,58.82,64.2,68.17,71.36,74.05,76.38,78.45,80.32,82.03,82.83,84.35,85.78,87.12,88.39,89.59,90.73,91.82,92.86,94.36,102.55,113.97,123.78,131.03,141.47,148.96,172.81,190.74,249.11
80.25,3.34375,50.05,58.87,64.26,68.24,71.43,74.12,76.45,78.53,80.4,82.11,82.91,84.44,85.87,87.21,88.47,89.67,90.82,91.91,92.95,94.45,102.66,114.08,123.89,131.15,141.6,149.09,172.95,190.89,249.27
80.5,3.354166667,50.1,58.93,64.32,68.31,71.5,74.19,76.53,78.6,80.47,82.19,82.99,84.52,85.95,87.29,88.56,89.76,90.91,92,93.05,94.54,102.76,114.19,124.01,131.27,141.72,149.22,173.09,191.03,249.43
80.75,3.364583333,50.15,58.99,64.38,68.37,71.57,74.26,76.6,78.68,80.55,82.27,83.07,84.6,86.03,87.38,88.65,89.85,90.99,92.09,93.14,94.64,102.86,114.3,124.13,131.39,141.85,149.34,173.22,191.17,249.58
81,3.375,50.2,59.04,64.45,68.44,71.64,74.33,76.67,78.75,80.63,82.35,83.15,84.68,86.12,87.46,88.73,89.94,91.08,92.18,93.23,94.73,102.96,114.41,124.24,131.51,141.97,149.47,173.36,191.31,249.74
81.25,3.385416667,50.25,59.1,64.51,68.5,71.71,74.4,76.75,78.83,80.71,82.43,83.23,84.76,86.2,87.55,88.82,90.02,91.17,92.27,93.32,94.82,103.06,114.52,124.36,131.63,142.1,149.6,173.5,191.45,249.9
81.5,3.395833333,50.3,59.16,64.57,68.57,71.77,74.47,76.82,78.9,80.79,82.51,83.31,84.85,86.28,87.63,88.9,90.11,91.26,92.35,93.41,94.91,103.16,114.63,124.48,131.75,142.22,149.73,173.63,191.59,250.05
81.75,3.40625,50.35,59.21,64.63,68.63,71.84,74.54,76.89,78.98,80.86,82.59,83.39,84.93,86.36,87.72,88.99,90.2,91.35,92.44,93.5,95,103.25,114.74,124.59,131.87,142.35,149.85,173.77,191.73,250.21
82,3.416666667,50.39,59.27,64.69,68.7,71.91,74.61,76.97,79.05,80.94,82.67,83.47,85.01,86.45,87.8,89.08,90.28,91.43,92.53,93.59,95.1,103.35,114.85,124.71,131.99,142.47,149.98,173.9,191.87,250.36
82.25,3.427083333,50.44,59.33,64.75,68.76,71.98,74.69,77.04,79.13,81.02,82.74,83.55,85.09,86.53,87.88,89.16,90.37,91.52,92.62,93.68,95.19,103.45,114.95,124.82,132.11,142.59,150.11,174.03,192.01,250.52
82.5,3.4375,50.49,59.38,64.81,68.83,72.05,74.76,77.11,79.2,81.09,82.82,83.63,85.17,86.61,87.97,89.25,90.46,91.61,92.71,93.77,95.28,103.55,115.06,124.94,132.23,142.72,150.23,174.17,192.14,250.67
82.75,3.447916667,50.54,59.44,64.87,68.89,72.11,74.83,77.18,79.28,81.17,82.9,83.7,85.25,86.7,88.05,89.33,90.54,91.7,92.8,93.86,95.37,103.65,115.17,125.05,132.35,142.84,150.36,174.3,192.28,250.82
83,3.458333333,50.59,59.49,64.94,68.96,72.18,74.9,77.26,79.35,81.25,82.98,83.78,85.33,86.78,88.13,89.42,90.63,91.78,92.89,93.95,95.46,103.75,115.28,125.16,132.46,142.96,150.48,174.43,192.42,250.97
83.25,3.46875,50.63,59.55,65,69.02,72.25,74.97,77.33,79.43,81.32,83.06,83.86,85.41,86.86,88.22,89.5,90.72,91.87,92.97,94.04,95.55,103.85,115.39,125.28,132.58,143.08,150.6,174.56,192.55,251.13
83.5,3.479166667,50.68,59.61,65.06,69.08,72.32,75.04,77.4,79.5,81.4,83.14,83.94,85.49,86.94,88.3,89.59,90.8,91.96,93.06,94.12,95.64,103.94,115.49,125.39,132.7,143.2,150.73,174.69,192.69,251.28
83.75,3.489583333,50.73,59.66,65.12,69.15,72.38,75.11,77.47,79.58,81.48,83.21,84.02,85.57,87.02,88.38,89.67,90.89,92.05,93.15,94.21,95.73,104.04,115.6,125.5,132.81,143.32,150.85,174.82,192.83,251.43
84,3.5,50.78,59.72,65.18,69.21,72.45,75.18,77.55,79.65,81.55,83.29,84.1,85.65,87.11,88.47,89.75,90.97,92.13,93.24,94.3,95.82,104.14,115.71,125.62,132.93,143.44,150.98,174.95,192.96,251.58
84.25,3.510416667,50.83,59.77,65.24,69.28,72.52,75.25,77.62,79.73,81.63,83.37,84.18,85.73,87.19,88.55,89.84,91.06,92.22,93.33,94.39,95.91,104.24,115.81,125.73,133.05,143.56,151.1,175.08,193.1,251.73
84.5,3.520833333,50.87,59.83,65.3,69.34,72.58,75.32,77.69,79.8,81.7,83.45,84.26,85.81,87.27,88.63,89.92,91.14,92.3,93.41,94.48,96,104.33,115.92,125.84,133.16,143.68,151.22,175.21,193.23,251.88
84.75,3.53125,50.92,59.88,65.36,69.4,72.65,75.38,77.76,79.87,81.78,83.52,84.33,85.89,87.35,88.72,90.01,91.23,92.39,93.5,94.57,96.09,104.43,116.02,125.95,133.28,143.8,151.34,175.34,193.36,252.02
85,3.541666667,50.97,59.94,65.42,69.47,72.72,75.45,77.83,79.95,81.85,83.6,84.41,85.97,87.43,88.8,90.09,91.31,92.48,93.59,94.66,96.18,104.53,116.13,126.06,133.39,143.92,151.46,175.47,193.5,252.17
85.25,3.552083333,51.02,59.99,65.48,69.53,72.78,75.52,77.9,80.02,81.93,83.68,84.49,86.05,87.51,88.88,90.17,91.4,92.56,93.67,94.74,96.27,104.62,116.24,126.17,133.51,144.04,151.58,175.6,193.63,252.32
85.5,3.5625,51.06,60.05,65.54,69.6,72.85,75.59,77.98,80.09,82.01,83.76,84.57,86.13,87.59,88.96,90.26,91.48,92.65,93.76,94.83,96.36,104.72,116.34,126.29,133.62,144.16,151.71,175.73,193.76,252.47
85.75,3.572916667,51.11,60.1,65.6,69.66,72.92,75.66,78.05,80.17,82.08,83.83,84.65,86.21,87.67,89.05,90.34,91.57,92.73,93.85,94.92,96.45,104.82,116.44,126.4,133.73,144.28,151.83,175.85,193.89,252.61
86,3.583333333,51.16,60.16,65.66,69.72,72.98,75.73,78.12,80.24,82.16,83.91,84.72,86.29,87.75,89.13,90.42,91.65,92.82,93.93,95.01,96.54,104.91,116.55,126.51,133.85,144.4,151.95,175.98,194.03,252.76
86.25,3.59375,51.21,60.21,65.72,69.79,73.05,75.8,78.19,80.31,82.23,83.99,84.8,86.37,87.83,89.21,90.51,91.74,92.9,94.02,95.09,96.62,105.01,116.65,126.62,133.96,144.51,152.07,176.11,194.16,252.91
86.5,3.604166667,51.25,60.27,65.78,69.85,73.12,75.87,78.26,80.39,82.31,84.06,84.88,86.45,87.91,89.29,90.59,91.82,92.99,94.11,95.18,96.71,105.1,116.76,126.73,134.07,144.63,152.18,176.23,194.29,253.05
86.75,3.614583333,51.3,60.32,65.84,69.91,73.18,75.94,78.33,80.46,82.38,84.14,84.96,86.53,87.99,89.37,90.67,91.9,93.07,94.19,95.27,96.8,105.2,116.86,126.83,134.19,144.75,152.3,176.36,194.42,253.2
87,3.625,51.35,60.38,65.9,69.98,73.25,76.01,78.4,80.53,82.46,84.22,85.03,86.61,88.07,89.45,90.75,91.99,93.16,94.28,95.35,96.89,105.29,116.96,126.94,134.3,144.86,152.42,176.48,194.55,253.34
87.25,3.635416667,51.39,60.43,65.96,70.04,73.32,76.07,78.47,80.61,82.53,84.29,85.11,86.69,88.15,89.53,90.84,92.07,93.24,94.36,95.44,96.98,105.39,117.07,127.05,134.41,144.98,152.54,176.61,194.68,253.48
87.5,3.645833333,51.44,60.49,66.02,70.1,73.38,76.14,78.54,80.68,82.61,84.37,85.19,86.76,88.23,89.62,90.92,92.15,93.33,94.45,95.53,97.07,105.48,117.17,127.16,134.52,145.09,152.66,176.73,194.8,253.63
87.75,3.65625,51.49,60.54,66.08,70.16,73.45,76.21,78.61,80.75,82.68,84.45,85.26,86.84,88.31,89.7,91,92.24,93.41,94.53,95.61,97.15,105.58,117.27,127.27,134.63,145.21,152.78,176.86,194.93,253.77
88,3.666666667,51.53,60.6,66.14,70.23,73.51,76.28,78.69,80.82,82.75,84.52,85.34,86.92,88.39,89.78,91.08,92.32,93.5,94.62,95.7,97.24,105.67,117.38,127.38,134.74,145.32,152.89,176.98,195.06,253.91
88.25,3.677083333,51.58,60.65,66.19,70.29,73.58,76.35,78.76,80.9,82.83,84.6,85.42,87,88.47,89.86,91.17,92.4,93.58,94.7,95.79,97.33,105.76,117.48,127.48,134.86,145.44,153.01,177.1,195.19,254.05
88.5,3.6875,51.63,60.71,66.25,70.35,73.64,76.41,78.83,80.97,82.9,84.67,85.49,87.08,88.55,89.94,91.25,92.49,93.67,94.79,95.87,97.41,105.86,117.58,127.59,134.97,145.55,153.13,177.23,195.32,254.19
88.75,3.697916667,51.67,60.76,66.31,70.42,73.71,76.48,78.9,81.04,82.98,84.75,85.57,87.15,88.63,90.02,91.33,92.57,93.75,94.87,95.96,97.5,105.95,117.68,127.7,135.08,145.67,153.24,177.35,195.44,254.33
89,3.708333333,51.72,60.81,66.37,70.48,73.77,76.55,78.97,81.11,83.05,84.82,85.65,87.23,88.71,90.1,91.41,92.65,93.83,94.96,96.04,97.59,106.05,117.78,127.81,135.19,145.78,153.36,177.47,195.57,254.47
89.25,3.71875,51.77,60.87,66.43,70.54,73.84,76.62,79.04,81.18,83.12,84.9,85.72,87.31,88.79,90.18,91.49,92.73,93.92,95.04,96.13,97.68,106.14,117.88,127.91,135.3,145.89,153.47,177.59,195.7,254.61
89.5,3.729166667,51.81,60.92,66.49,70.6,73.9,76.69,79.11,81.26,83.2,84.97,85.8,87.39,88.87,90.26,91.57,92.82,94,95.13,96.21,97.76,106.23,117.99,128.02,135.4,146,153.59,177.71,195.82,254.75
89.75,3.739583333,51.86,60.98,66.55,70.66,73.97,76.75,79.18,81.33,83.27,85.05,85.88,87.46,88.95,90.34,91.65,92.9,94.08,95.21,96.3,97.85,106.33,118.09,128.12,135.51,146.12,153.7,177.83,195.95,254.89
90,3.75,51.91,61.03,66.61,70.73,74.03,76.82,79.25,81.4,83.34,85.12,85.95,87.54,89.03,90.42,91.73,92.98,94.17,95.3,96.38,97.93,106.42,118.19,128.23,135.62,146.23,153.82,177.96,196.07,255.03
90.25,3.760416667,51.95,61.08,66.67,70.79,74.1,76.89,79.31,81.47,83.42,85.2,86.03,87.62,89.1,90.5,91.82,93.06,94.25,95.38,96.47,98.02,106.51,118.29,128.34,135.73,146.34,153.93,178.08,196.19,255.17
90.5,3.770833333,52,61.14,66.72,70.85,74.16,76.96,79.38,81.54,83.49,85.27,86.1,87.7,89.18,90.58,91.9,93.14,94.33,95.46,96.55,98.11,106.6,118.39,128.44,135.84,146.45,154.04,178.19,196.32,255.31
90.75,3.78125,52.04,61.19,66.78,70.91,74.23,77.02,79.45,81.61,83.56,85.35,86.18,87.77,89.26,90.66,91.98,93.23,94.41,95.55,96.64,98.19,106.69,118.49,128.55,135.95,146.56,154.16,178.31,196.44,255.44
91,3.791666667,52.09,61.24,66.84,70.97,74.29,77.09,79.52,81.68,83.64,85.42,86.25,87.85,89.34,90.74,92.06,93.31,94.5,95.63,96.72,98.28,106.79,118.59,128.65,136.05,146.67,154.27,178.43,196.57,255.58
91.25,3.802083333,52.14,61.3,66.9,71.04,74.36,77.16,79.59,81.76,83.71,85.5,86.33,87.93,89.42,90.82,92.14,93.39,94.58,95.71,96.81,98.36,106.88,118.69,128.75,136.16,146.78,154.38,178.55,196.69,255.72
91.5,3.8125,52.18,61.35,66.96,71.1,74.42,77.22,79.66,81.83,83.78,85.57,86.4,88,89.49,90.9,92.22,93.47,94.66,95.8,96.89,98.45,106.97,118.79,128.86,136.27,146.9,154.49,178.67,196.81,255.85
91.75,3.822916667,52.23,61.41,67.02,71.16,74.49,77.29,79.73,81.9,83.85,85.65,86.48,88.08,89.57,90.97,92.3,93.55,94.74,95.88,96.97,98.53,107.06,118.88,128.96,136.37,147,154.61,178.79,196.93,255.99
92,3.833333333,52.27,61.46,67.07,71.22,74.55,77.36,79.8,81.97,83.93,85.72,86.55,88.15,89.65,91.05,92.38,93.63,94.82,95.96,97.06,98.62,107.15,118.98,129.07,136.48,147.11,154.72,178.91,197.05,256.12
92.25,3.84375,52.32,61.51,67.13,71.28,74.62,77.42,79.87,82.04,84,85.8,86.63,88.23,89.73,91.13,92.46,93.71,94.91,96.05,97.14,98.7,107.24,119.08,129.17,136.59,147.22,154.83,179.02,197.18,256.26
92.5,3.854166667,52.37,61.57,67.19,71.34,74.68,77.49,79.94,82.11,84.07,85.87,86.7,88.31,89.8,91.21,92.54,93.79,94.99,96.13,97.22,98.79,107.33,119.18,129.27,136.69,147.33,154.94,179.14,197.3,256.39
92.75,3.864583333,52.41,61.62,67.25,71.41,74.74,77.56,80.01,82.18,84.14,85.94,86.78,88.38,89.88,91.29,92.62,93.87,95.07,96.21,97.31,98.87,107.43,119.28,129.37,136.8,147.44,155.05,179.26,197.42,256.52
93,3.875,52.46,61.67,67.31,71.47,74.81,77.62,80.07,82.25,84.22,86.02,86.85,88.46,89.96,91.37,92.7,93.95,95.15,96.29,97.39,98.96,107.52,119.38,129.48,136.9,147.55,155.16,179.37,197.54,256.66
93.25,3.885416667,52.5,61.73,67.36,71.53,74.87,77.69,80.14,82.32,84.29,86.09,86.93,88.53,90.04,91.45,92.78,94.03,95.23,96.38,97.47,99.04,107.61,119.47,129.58,137.01,147.66,155.27,179.49,197.66,256.79
93.5,3.895833333,52.55,61.78,67.42,71.59,74.94,77.76,80.21,82.39,84.36,86.16,87,88.61,90.11,91.52,92.85,94.12,95.31,96.46,97.56,99.12,107.7,119.57,129.68,137.11,147.76,155.38,179.6,197.78,256.92
93.75,3.90625,52.59,61.83,67.48,71.65,75,77.82,80.28,82.46,84.43,86.24,87.07,88.69,90.19,91.6,92.93,94.2,95.39,96.54,97.64,99.21,107.79,119.67,129.78,137.22,147.87,155.49,179.72,197.89,257.05
94,3.916666667,52.64,61.88,67.54,71.71,75.06,77.89,80.35,82.53,84.5,86.31,87.15,88.76,90.27,91.68,93.01,94.28,95.48,96.62,97.72,99.29,107.88,119.77,129.88,137.32,147.98,155.6,179.83,198.01,257.19
94.25,3.927083333,52.69,61.94,67.59,71.77,75.13,77.95,80.41,82.6,84.58,86.38,87.22,88.84,90.34,91.76,93.09,94.35,95.56,96.7,97.8,99.38,107.97,119.86,129.98,137.42,148.09,155.71,179.95,198.13,257.32
94.5,3.9375,52.73,61.99,67.65,71.83,75.19,78.02,80.48,82.67,84.65,86.46,87.3,88.91,90.42,91.83,93.17,94.43,95.64,96.78,97.89,99.46,108.06,119.96,130.09,137.53,148.19,155.81,180.06,198.25,257.45
94.75,3.947916667,52.78,62.04,67.71,71.89,75.25,78.09,80.55,82.74,84.72,86.53,87.37,88.99,90.5,91.91,93.25,94.51,95.72,96.87,97.97,99.54,108.14,120.05,130.19,137.63,148.3,155.92,180.17,198.37,257.58
95,3.958333333,52.82,62.1,67.77,71.95,75.32,78.15,80.62,82.81,84.79,86.6,87.44,89.06,90.57,91.99,93.33,94.59,95.8,96.95,98.05,99.63,108.23,120.15,130.29,137.73,148.4,156.03,180.29,198.48,257.71
95.25,3.96875,52.87,62.15,67.82,72.01,75.38,78.22,80.69,82.88,84.86,86.68,87.52,89.14,90.65,92.07,93.4,94.67,95.88,97.03,98.13,99.71,108.32,120.25,130.39,137.83,148.51,156.14,180.4,198.6,257.84
95.5,3.979166667,52.91,62.2,67.88,72.07,75.44,78.28,80.75,82.95,84.93,86.75,87.59,89.21,90.72,92.14,93.48,94.75,95.96,97.11,98.21,99.79,108.41,120.34,130.49,137.94,148.61,156.24,180.51,198.72,257.97
95.75,3.989583333,52.96,62.25,67.94,72.14,75.51,78.35,80.82,83.02,85,86.82,87.66,89.29,90.8,92.22,93.56,94.83,96.04,97.19,98.3,99.88,108.5,120.44,130.59,138.04,148.72,156.35,180.62,198.83,258.09
96,4,53,62.31,67.99,72.2,75.57,78.41,80.89,83.09,85.07,86.89,87.74,89.36,90.88,92.3,93.64,94.91,96.12,97.27,98.38,99.96,108.59,120.53,130.69,138.14,148.82,156.46,180.74,198.95,258.22
